"Date","Close","Open","High","Low","Change"
"Nov 23, 2018","33.080","32.980","33.137","32.950","0.30%"
"Nov 22, 2018","32.980","32.900","33.030","32.870","0.27%"
"Nov 21, 2018","32.890","32.970","33.040","32.850","-0.30%"
"Nov 20, 2018","32.990","32.940","33.030","32.890","0.15%"
"Nov 19, 2018","32.940","32.870","33.060","32.830","0.24%"
"Nov 18, 2018","32.861","32.841","32.887","32.833","0.05%"
"Nov 16, 2018","32.845","32.955","33.075","32.785","-0.32%"
"Nov 15, 2018","32.950","32.960","33.060","32.850","0.00%"
"Nov 14, 2018","32.950","32.960","33.040","32.830","0.03%"
"Nov 13, 2018","32.940","33.170","33.170","32.900","-0.69%"
"Nov 12, 2018","33.170","33.060","33.190","33.040","0.31%"
"Nov 11, 2018","33.067","33.080","33.123","33.059","0.02%"
"Nov 09, 2018","33.060","32.970","33.140","32.940","0.27%"
"Nov 08, 2018","32.970","32.820","33.010","32.780","0.46%"
"Nov 07, 2018","32.820","32.930","33.020","32.770","-0.27%"
"Nov 06, 2018","32.910","32.930","33.030","32.900","-0.09%"
"Nov 05, 2018","32.940","32.850","33.030","32.770","0.24%"
"Nov 04, 2018","32.860","32.847","32.873","32.810","0.03%"
"Nov 02, 2018","32.850","32.890","32.990","32.770","-0.15%"
"Nov 01, 2018","32.900","33.110","33.140","32.860","-0.66%"
"Oct 31, 2018","33.120","33.270","33.330","33.060","-0.42%"
"Oct 30, 2018","33.260","33.280","33.340","33.190","-0.06%"
"Oct 29, 2018","33.280","32.990","33.310","32.990","0.64%"
"Oct 28, 2018","33.070","33.086","33.097","33.035","0.02%"
"Oct 26, 2018","33.065","32.925","33.155","32.905","0.41%"
"Oct 25, 2018","32.930","32.930","32.970","32.870","-0.02%"
"Oct 24, 2018","32.935","32.855","32.995","32.755","0.29%"
"Oct 23, 2018","32.840","32.790","32.950","32.780","0.12%"
"Oct 22, 2018","32.800","32.550","32.850","32.530","0.64%"
"Oct 21, 2018","32.590","32.588","32.618","32.562","0.00%"
"Oct 19, 2018","32.590","32.620","32.680","32.540","-0.15%"
"Oct 18, 2018","32.640","32.530","32.680","32.470","0.46%"
"Oct 17, 2018","32.490","32.500","32.580","32.410","0.00%"
"Oct 16, 2018","32.490","32.650","32.720","32.450","-0.49%"
"Oct 15, 2018","32.650","32.690","32.810","32.610","-0.24%"
"Oct 14, 2018","32.730","32.753","32.812","32.730","-0.09%"
"Oct 12, 2018","32.760","32.720","32.790","32.590","0.15%"
"Oct 11, 2018","32.710","33.000","33.050","32.620","-0.88%"
"Oct 10, 2018","33.000","32.950","33.040","32.830","0.15%"
"Oct 09, 2018","32.950","32.920","33.110","32.870","0.12%"
"Oct 08, 2018","32.910","32.780","33.040","32.760","0.16%"
"Oct 07, 2018","32.857","32.830","32.870","32.793","0.14%"
"Oct 05, 2018","32.810","32.700","32.910","32.680","0.21%"
"Oct 04, 2018","32.740","32.510","32.780","32.460","0.71%"
"Oct 03, 2018","32.510","32.340","32.550","32.300","0.53%"
"Oct 02, 2018","32.340","32.270","32.420","32.260","0.20%"
"Oct 01, 2018","32.275","32.315","32.375","32.205","-0.16%"
"Sep 30, 2018","32.326","32.309","32.350","32.298","-0.01%"
"Sep 28, 2018","32.330","32.420","32.460","32.290","-0.34%"
"Sep 27, 2018","32.440","32.440","32.480","32.370","0.06%"
"Sep 26, 2018","32.420","32.400","32.500","32.370","0.03%"
"Sep 25, 2018","32.410","32.420","32.490","32.380","-0.06%"
"Sep 24, 2018","32.430","32.390","32.510","32.380","-0.03%"
"Sep 23, 2018","32.440","32.442","32.477","32.386","0.03%"
"Sep 21, 2018","32.430","32.350","32.500","32.320","0.26%"
"Sep 20, 2018","32.345","32.405","32.475","32.305","-0.20%"
"Sep 19, 2018","32.410","32.560","32.610","32.330","-0.48%"
"Sep 18, 2018","32.565","32.595","32.695","32.535","-0.05%"
"Sep 17, 2018","32.580","32.670","32.730","32.530","-0.43%"
"Sep 16, 2018","32.720","32.682","32.720","32.645","0.09%"
"Sep 14, 2018","32.690","32.610","32.710","32.510","0.21%"
"Sep 13, 2018","32.620","32.710","32.740","32.530","-0.31%"
"Sep 12, 2018","32.720","32.780","32.860","32.690","-0.17%"
"Sep 11, 2018","32.775","32.825","32.875","32.745","-0.11%"
"Sep 10, 2018","32.810","32.790","32.910","32.780","-0.06%"
"Sep 09, 2018","32.830","32.811","32.861","32.806","-0.03%"
"Sep 07, 2018","32.840","32.800","32.860","32.760","0.15%"
"Sep 06, 2018","32.790","32.780","32.850","32.730","0.03%"
"Sep 05, 2018","32.780","32.810","32.880","32.740","-0.03%"
"Sep 04, 2018","32.790","32.680","32.850","32.660","0.31%"
"Sep 03, 2018","32.690","32.720","32.820","32.660","-0.29%"
"Sep 02, 2018","32.785","32.799","32.803","32.728","0.06%"
"Aug 31, 2018","32.765","32.775","32.835","32.675","-0.05%"
"Aug 30, 2018","32.780","32.700","32.820","32.650","0.28%"
"Aug 29, 2018","32.690","32.580","32.760","32.560","0.34%"
"Aug 28, 2018","32.580","32.560","32.620","32.490","0.09%"
"Aug 27, 2018","32.550","32.590","32.680","32.500","-0.09%"
"Aug 26, 2018","32.580","32.639","32.652","32.529","-0.12%"
"Aug 24, 2018","32.620","32.900","32.920","32.580","-0.82%"
"Aug 23, 2018","32.890","32.690","32.920","32.660","0.64%"
"Aug 22, 2018","32.680","32.650","32.800","32.630","0.06%"
"Aug 21, 2018","32.660","32.930","32.960","32.630","-0.85%"
"Aug 20, 2018","32.940","33.170","33.230","32.900","-0.72%"
"Aug 19, 2018","33.180","33.188","33.220","33.160","0.03%"
"Aug 17, 2018","33.170","33.170","33.290","33.140","0.03%"
"Aug 16, 2018","33.160","33.320","33.370","33.140","-0.54%"
"Aug 15, 2018","33.340","33.290","33.410","33.240","0.15%"
"Aug 14, 2018","33.290","33.360","33.410","33.220","-0.22%"
"Aug 13, 2018","33.365","33.275","33.445","33.275","0.17%"
"Aug 12, 2018","33.310","33.428","33.438","33.268","-0.06%"
"Aug 10, 2018","33.330","33.250","33.350","33.190","0.27%"
"Aug 09, 2018","33.240","33.230","33.250","33.130","0.00%"
"Aug 08, 2018","33.240","33.220","33.270","33.170","0.08%"
"Aug 07, 2018","33.215","33.365","33.385","33.185","-0.40%"
"Aug 06, 2018","33.350","33.240","33.400","33.190","0.27%"
"Aug 05, 2018","33.260","33.237","33.280","33.209","0.00%"
"Aug 03, 2018","33.260","33.300","33.400","33.180","-0.09%"
"Aug 02, 2018","33.290","33.150","33.330","33.120","0.39%"
"Aug 01, 2018","33.160","33.200","33.260","33.090","-0.12%"
"Jul 31, 2018","33.200","33.300","33.400","33.140","-0.24%"
"Jul 30, 2018","33.280","33.320","33.420","33.230","-0.36%"
"Jul 29, 2018","33.400","33.377","33.401","33.354","0.03%"
"Jul 27, 2018","33.390","33.400","33.500","33.300","-0.12%"
"Jul 26, 2018","33.430","33.240","33.440","33.130","0.63%"
"Jul 25, 2018","33.220","33.370","33.420","33.190","-0.49%"
"Jul 24, 2018","33.385","33.445","33.495","33.315","-0.10%"
"Jul 23, 2018","33.420","33.320","33.470","33.270","0.30%"
"Jul 22, 2018","33.320","33.352","33.360","33.281","-0.03%"
"Jul 20, 2018","33.330","33.480","33.530","33.300","-0.42%"
"Jul 19, 2018","33.470","33.300","33.510","33.280","0.50%"
"Jul 18, 2018","33.305","33.325","33.395","33.285","-0.02%"
"Jul 17, 2018","33.310","33.260","33.360","33.210","0.14%"
"Jul 16, 2018","33.265","33.295","33.355","33.245","-0.19%"
"Jul 15, 2018","33.327","33.332","33.343","33.288","0.05%"
"Jul 13, 2018","33.310","33.200","33.390","33.160","0.30%"
"Jul 12, 2018","33.210","33.320","33.370","33.170","-0.36%"
"Jul 11, 2018","33.330","33.170","33.360","33.140","0.45%"
"Jul 10, 2018","33.180","33.070","33.220","33.040","0.36%"
"Jul 09, 2018","33.060","33.130","33.190","33.050","-0.24%"
"Jul 08, 2018","33.140","33.165","33.180","33.125","-0.03%"
"Jul 06, 2018","33.150","33.200","33.270","33.120","-0.17%"
"Jul 05, 2018","33.205","33.155","33.275","33.125","0.14%"
"Jul 04, 2018","33.160","33.150","33.200","33.060","0.00%"
"Jul 03, 2018","33.160","33.160","33.310","33.130","-0.02%"
"Jul 02, 2018","33.165","32.985","33.215","32.985","0.35%"
"Jul 01, 2018","33.050","33.072","33.104","33.010","0.06%"
"Jun 29, 2018","33.030","33.150","33.240","32.990","-0.36%"
"Jun 28, 2018","33.150","33.050","33.190","33.000","0.26%"
"Jun 27, 2018","33.065","33.025","33.125","32.945","0.11%"
"Jun 26, 2018","33.030","32.940","33.060","32.910","0.29%"
"Jun 25, 2018","32.935","32.915","33.035","32.885","0.03%"
"Jun 24, 2018","32.924","32.910","32.935","32.883","-0.02%"
"Jun 22, 2018","32.930","32.900","32.980","32.840","0.09%"
"Jun 21, 2018","32.900","32.810","33.020","32.800","0.24%"
"Jun 20, 2018","32.820","32.750","32.870","32.660","0.23%"
"Jun 19, 2018","32.745","32.675","32.875","32.625","0.26%"
"Jun 18, 2018","32.660","32.620","32.770","32.600","-0.06%"
"Jun 17, 2018","32.680","32.679","32.719","32.660","0.03%"
"Jun 15, 2018","32.670","32.210","32.710","32.150","1.43%"
"Jun 14, 2018","32.210","32.140","32.240","32.100","0.28%"
"Jun 13, 2018","32.120","32.090","32.210","32.070","0.08%"
"Jun 12, 2018","32.095","32.065","32.135","32.025","0.14%"
"Jun 11, 2018","32.050","32.010","32.110","31.930","-0.04%"
"Jun 10, 2018","32.063","31.959","32.090","31.934","0.05%"
"Jun 08, 2018","32.045","32.015","32.105","31.975","0.05%"
"Jun 07, 2018","32.030","31.920","32.040","31.850","0.36%"
"Jun 06, 2018","31.915","31.935","31.975","31.855","-0.05%"
"Jun 05, 2018","31.930","32.000","32.030","31.910","-0.23%"
"Jun 04, 2018","32.005","31.995","32.065","31.935","-0.08%"
"Jun 03, 2018","32.030","32.004","32.060","31.998","-0.03%"
"Jun 01, 2018","32.040","32.050","32.130","31.970","-0.06%"
"May 31, 2018","32.060","32.020","32.100","31.960","0.09%"
"May 30, 2018","32.030","32.100","32.190","32.000","-0.20%"
"May 29, 2018","32.095","31.995","32.155","31.965","0.30%"
"May 28, 2018","32.000","31.930","32.040","31.830","0.53%"
"May 27, 2018","31.830","31.816","31.931","31.781","-0.31%"
"May 25, 2018","31.930","31.990","32.080","31.870","-0.20%"
"May 24, 2018","31.995","32.105","32.185","31.975","-0.34%"
"May 23, 2018","32.105","31.995","32.175","31.975","0.34%"
"May 22, 2018","31.995","32.165","32.185","31.955","-0.50%"
"May 21, 2018","32.155","32.185","32.295","32.135","-0.14%"
"May 18, 2018","32.200","32.090","32.240","32.050","0.31%"
"May 17, 2018","32.100","32.030","32.150","31.950","0.19%"
"May 16, 2018","32.040","32.120","32.170","31.980","-0.28%"
"May 15, 2018","32.130","31.910","32.200","31.840","0.71%"
"May 14, 2018","31.905","31.875","31.945","31.765","-0.05%"
"May 11, 2018","31.920","31.970","32.000","31.780","-0.19%"
"May 10, 2018","31.980","32.130","32.230","31.940","-0.50%"
"May 09, 2018","32.140","31.940","32.170","31.900","0.64%"
"May 08, 2018","31.935","31.855","31.995","31.795","0.24%"
"May 07, 2018","31.860","31.730","31.890","31.670","0.31%"
"May 04, 2018","31.760","31.620","31.810","31.590","0.44%"
"May 03, 2018","31.620","31.770","31.780","31.590","-0.47%"
"May 02, 2018","31.770","31.700","31.790","31.670","0.25%"
"May 01, 2018","31.690","31.570","31.740","31.530","0.43%"
"Apr 30, 2018","31.555","31.485","31.605","31.465","0.11%"
"Apr 27, 2018","31.520","31.610","31.660","31.480","-0.28%"
"Apr 26, 2018","31.610","31.530","31.660","31.510","0.25%"
"Apr 25, 2018","31.530","31.460","31.620","31.430","0.25%"
"Apr 24, 2018","31.450","31.540","31.590","31.400","-0.25%"
"Apr 23, 2018","31.530","31.340","31.580","31.310","0.61%"
"Apr 20, 2018","31.340","31.230","31.390","31.220","0.34%"
"Apr 19, 2018","31.235","31.205","31.275","31.185","0.11%"
"Apr 18, 2018","31.200","31.210","31.290","31.180","-0.03%"
"Apr 17, 2018","31.210","31.220","31.240","31.150","0.00%"
"Apr 16, 2018","31.210","31.150","31.270","31.120","0.13%"
"Apr 13, 2018","31.170","31.220","31.250","31.120","-0.19%"
"Apr 12, 2018","31.230","31.120","31.260","31.100","0.34%"
"Apr 11, 2018","31.125","31.195","31.225","31.105","-0.24%"
"Apr 10, 2018","31.200","31.280","31.280","31.170","-0.22%"
"Apr 09, 2018","31.270","31.250","31.320","31.220","-0.02%"
"Apr 06, 2018","31.275","31.255","31.325","31.225","0.08%"
"Apr 05, 2018","31.250","31.220","31.300","31.170","0.13%"
"Apr 04, 2018","31.210","31.190","31.280","31.170","0.10%"
"Apr 03, 2018","31.180","31.240","31.260","31.160","-0.16%"
"Apr 02, 2018","31.230","31.190","31.260","31.140","0.16%"
"Mar 30, 2018","31.180","31.270","31.270","31.150","-0.24%"
"Mar 29, 2018","31.255","31.305","31.315","31.215","-0.08%"
"Mar 28, 2018","31.280","31.220","31.330","31.160","0.19%"
"Mar 27, 2018","31.220","31.130","31.250","31.110","0.29%"
"Mar 26, 2018","31.130","31.180","31.220","31.090","-0.19%"
"Mar 23, 2018","31.190","31.320","31.320","31.150","-0.38%"
"Mar 22, 2018","31.310","31.170","31.320","31.130","0.48%"
"Mar 21, 2018","31.160","31.200","31.250","31.130","-0.10%"
"Mar 20, 2018","31.190","31.190","31.230","31.150","-0.02%"
"Mar 19, 2018","31.195","31.215","31.295","31.155","-0.14%"
"Mar 16, 2018","31.240","31.210","31.270","31.160","0.10%"
"Mar 15, 2018","31.210","31.160","31.230","31.120","0.16%"
"Mar 14, 2018","31.160","31.240","31.250","31.080","-0.22%"
"Mar 13, 2018","31.230","31.300","31.320","31.190","-0.21%"
"Mar 12, 2018","31.295","31.335","31.375","31.265","-0.08%"
"Mar 09, 2018","31.320","31.370","31.410","31.290","-0.18%"
"Mar 08, 2018","31.375","31.325","31.415","31.285","0.18%"
"Mar 07, 2018","31.320","31.310","31.380","31.260","0.06%"
"Mar 06, 2018","31.300","31.420","31.430","31.260","-0.35%"
"Mar 05, 2018","31.410","31.430","31.490","31.360","-0.10%"
"Mar 02, 2018","31.440","31.520","31.550","31.410","-0.21%"
"Mar 01, 2018","31.505","31.495","31.605","31.475","0.05%"
"Feb 28, 2018","31.490","31.480","31.520","31.360","0.03%"
"Feb 27, 2018","31.480","31.280","31.520","31.230","0.64%"
"Feb 26, 2018","31.280","31.400","31.450","31.270","-0.38%"
"Feb 23, 2018","31.400","31.500","31.540","31.370","-0.24%"
"Feb 22, 2018","31.475","31.545","31.665","31.455","-0.25%"
"Feb 21, 2018","31.555","31.515","31.585","31.435","0.17%"
"Feb 20, 2018","31.500","31.410","31.550","31.340","0.32%"
"Feb 19, 2018","31.400","31.300","31.440","31.230","0.30%"
"Feb 16, 2018","31.305","31.295","31.345","31.175","0.10%"
"Feb 15, 2018","31.275","31.335","31.365","31.225","-0.21%"
"Feb 14, 2018","31.340","31.470","31.550","31.290","-0.44%"
"Feb 13, 2018","31.480","31.650","31.660","31.440","-0.52%"
"Feb 12, 2018","31.645","31.705","31.755","31.575","-0.24%"
"Feb 09, 2018","31.720","31.870","31.920","31.690","-0.56%"
"Feb 08, 2018","31.900","31.660","31.930","31.610","0.79%"
"Feb 07, 2018","31.650","31.510","31.680","31.400","0.41%"
"Feb 06, 2018","31.520","31.640","31.720","31.490","-0.35%"
"Feb 05, 2018","31.630","31.470","31.660","31.430","0.56%"
"Feb 02, 2018","31.455","31.315","31.485","31.295","0.50%"
"Feb 01, 2018","31.300","31.340","31.390","31.280","-0.16%"
"Jan 31, 2018","31.350","31.410","31.440","31.290","-0.22%"
"Jan 30, 2018","31.420","31.430","31.510","31.350","-0.06%"
"Jan 29, 2018","31.440","31.350","31.490","31.290","0.29%"
"Jan 26, 2018","31.350","31.450","31.530","31.280","-0.35%"
"Jan 25, 2018","31.460","31.540","31.590","31.290","-0.27%"
"Jan 24, 2018","31.545","31.815","31.825","31.505","-0.86%"
"Jan 23, 2018","31.820","31.840","31.880","31.730","-0.09%"
"Jan 22, 2018","31.850","31.840","31.930","31.790","-0.03%"
"Jan 19, 2018","31.860","31.920","31.940","31.810","-0.16%"
"Jan 18, 2018","31.910","31.950","32.010","31.880","-0.13%"
"Jan 17, 2018","31.950","31.930","32.020","31.860","0.03%"
"Jan 16, 2018","31.940","31.930","32.020","31.880","0.00%"
"Jan 15, 2018","31.940","31.960","31.970","31.860","0.00%"
"Jan 12, 2018","31.940","32.010","32.060","31.890","-0.22%"
"Jan 11, 2018","32.010","32.160","32.160","31.950","-0.34%"
"Jan 10, 2018","32.120","32.270","32.300","32.070","-0.50%"
"Jan 09, 2018","32.280","32.230","32.310","32.190","0.19%"
"Jan 08, 2018","32.220","32.160","32.280","32.080","0.16%"
"Jan 05, 2018","32.170","32.260","32.280","32.140","-0.31%"
"Jan 04, 2018","32.270","32.340","32.400","32.190","-0.17%"
"Jan 03, 2018","32.325","32.445","32.475","32.245","-0.32%"
"Jan 02, 2018","32.430","32.580","32.590","32.400","-0.40%"
"Jan 01, 2018","32.560","32.550","32.590","32.500","0.00%"
"Dec 29, 2017","32.560","32.690","32.730","32.530","-0.43%"
"Dec 28, 2017","32.700","32.810","32.820","32.590","-0.30%"
"Dec 27, 2017","32.800","32.770","32.860","32.760","0.12%"
"Dec 26, 2017","32.760","32.760","32.830","32.690","0.03%"
"Dec 25, 2017","32.750","32.730","32.800","32.690","0.00%"
"Dec 22, 2017","32.750","32.720","32.780","32.690","0.09%"
"Dec 21, 2017","32.720","32.720","32.780","32.670","0.00%"
"Dec 20, 2017","32.720","32.750","32.850","32.670","0.03%"
"Dec 19, 2017","32.710","32.640","32.910","32.610","0.18%"
"Dec 18, 2017","32.650","32.510","32.690","32.500","0.43%"
"Dec 15, 2017","32.510","32.510","32.590","32.480","0.03%"
"Dec 14, 2017","32.500","32.530","32.580","32.440","-0.09%"
"Dec 13, 2017","32.530","32.600","32.640","32.480","-0.25%"
"Dec 12, 2017","32.610","32.610","32.650","32.550","0.00%"
"Dec 11, 2017","32.610","32.570","32.660","32.560","-0.03%"
"Dec 08, 2017","32.620","32.610","32.690","32.590","0.00%"
"Dec 07, 2017","32.620","32.630","32.670","32.570","0.00%"
"Dec 06, 2017","32.620","32.620","32.680","32.560","0.00%"
"Dec 05, 2017","32.620","32.600","32.670","32.540","0.09%"
"Dec 04, 2017","32.590","32.590","32.710","32.570","-0.03%"
"Dec 01, 2017","32.600","32.650","32.720","32.550","-0.15%"
"Nov 30, 2017","32.650","32.570","32.700","32.550","0.28%"
"Nov 29, 2017","32.560","32.590","32.630","32.490","-0.09%"
"Nov 28, 2017","32.590","32.620","32.680","32.520","-0.06%"
"Nov 27, 2017","32.610","32.680","32.720","32.590","-0.12%"
"Nov 24, 2017","32.650","32.680","32.710","32.620","-0.06%"
"Nov 23, 2017","32.670","32.710","32.760","32.640","-0.09%"
"Nov 22, 2017","32.700","32.760","32.780","32.620","-0.15%"
"Nov 21, 2017","32.750","32.820","32.870","32.720","-0.18%"
"Nov 20, 2017","32.810","32.830","32.890","32.740","-0.06%"
"Nov 17, 2017","32.830","32.910","32.930","32.790","-0.24%"
"Nov 16, 2017","32.910","33.010","33.030","32.860","-0.30%"
"Nov 15, 2017","33.010","33.050","33.080","32.970","-0.06%"
"Nov 14, 2017","33.030","33.070","33.120","33.000","-0.09%"
"Nov 13, 2017","33.060","33.070","33.150","33.040","-0.20%"
"Nov 10, 2017","33.125","33.095","33.135","33.075","0.05%"
"Nov 09, 2017","33.110","33.120","33.140","33.070","-0.02%"
"Nov 08, 2017","33.115","33.135","33.185","33.075","-0.08%"
"Nov 07, 2017","33.140","33.100","33.190","33.080","0.12%"
"Nov 06, 2017","33.100","33.170","33.200","33.080","-0.23%"
"Nov 03, 2017","33.175","33.085","33.215","33.065","0.26%"
"Nov 02, 2017","33.090","33.140","33.170","33.050","-0.15%"
"Nov 01, 2017","33.140","33.240","33.250","33.090","-0.27%"
"Oct 31, 2017","33.230","33.230","33.260","33.190","0.00%"
"Oct 30, 2017","33.230","33.220","33.310","33.190","0.00%"
"Oct 27, 2017","33.230","33.230","33.360","33.220","-0.03%"
"Oct 26, 2017","33.240","33.180","33.260","33.110","0.15%"
"Oct 25, 2017","33.190","33.180","33.240","33.150","-0.02%"
"Oct 24, 2017","33.195","33.195","33.235","33.135","0.05%"
"Oct 23, 2017","33.180","33.170","33.260","33.150","0.00%"
"Oct 20, 2017","33.180","33.110","33.230","33.070","0.24%"
"Oct 19, 2017","33.100","33.150","33.200","33.080","-0.15%"
"Oct 18, 2017","33.150","33.120","33.190","33.060","0.09%"
"Oct 17, 2017","33.120","33.060","33.160","33.040","0.18%"
"Oct 16, 2017","33.060","33.050","33.130","33.020","0.00%"
"Oct 13, 2017","33.060","33.110","33.140","33.030","-0.21%"
"Oct 12, 2017","33.130","33.180","33.200","33.070","-0.15%"
"Oct 11, 2017","33.180","33.250","33.260","33.150","-0.21%"
"Oct 10, 2017","33.250","33.370","33.400","33.200","-0.39%"
"Oct 09, 2017","33.380","33.470","33.470","33.340","-0.15%"
"Oct 06, 2017","33.430","33.390","33.530","33.370","0.09%"
"Oct 05, 2017","33.400","33.350","33.420","33.310","0.16%"
"Oct 04, 2017","33.345","33.385","33.405","33.295","-0.07%"
"Oct 03, 2017","33.370","33.420","33.550","33.330","-0.18%"
"Oct 02, 2017","33.430","33.310","33.470","33.270","0.30%"
"Sep 29, 2017","33.330","33.400","33.430","33.260","-0.18%"
"Sep 28, 2017","33.390","33.310","33.530","33.270","0.27%"
"Sep 27, 2017","33.300","33.210","33.360","33.190","0.29%"
"Sep 26, 2017","33.205","33.095","33.275","33.085","0.32%"
"Sep 25, 2017","33.100","33.070","33.150","33.050","0.06%"
"Sep 22, 2017","33.080","33.100","33.140","33.040","-0.09%"
"Sep 21, 2017","33.110","33.100","33.160","33.070","0.03%"
"Sep 20, 2017","33.100","33.080","33.160","33.040","0.06%"
"Sep 19, 2017","33.080","33.090","33.130","33.040","-0.06%"
"Sep 18, 2017","33.100","33.100","33.140","33.040","-0.03%"
"Sep 15, 2017","33.110","33.060","33.130","33.030","0.12%"
"Sep 14, 2017","33.070","33.140","33.160","33.060","-0.21%"
"Sep 13, 2017","33.140","33.110","33.180","33.040","0.06%"
"Sep 12, 2017","33.120","33.120","33.160","33.070","0.00%"
"Sep 11, 2017","33.120","33.120","33.200","33.090","0.00%"
"Sep 08, 2017","33.120","33.070","33.160","33.020","0.09%"
"Sep 07, 2017","33.090","33.140","33.180","33.020","-0.18%"
"Sep 06, 2017","33.150","33.170","33.190","33.120","-0.03%"
"Sep 05, 2017","33.160","33.160","33.200","33.110","0.00%"
"Sep 04, 2017","33.160","33.160","33.210","33.100","0.00%"
"Sep 01, 2017","33.160","33.180","33.210","33.120","-0.06%"
"Aug 31, 2017","33.180","33.200","33.250","33.140","-0.09%"
"Aug 30, 2017","33.210","33.190","33.270","33.160","0.06%"
"Aug 29, 2017","33.190","33.180","33.250","33.120","0.00%"
"Aug 28, 2017","33.190","33.250","33.270","33.160","-0.15%"
"Aug 25, 2017","33.240","33.340","33.380","33.200","-0.27%"
"Aug 24, 2017","33.330","33.350","33.380","33.290","0.00%"
"Aug 23, 2017","33.330","33.240","33.390","33.210","0.27%"
"Aug 22, 2017","33.240","33.250","33.280","33.210","0.00%"
"Aug 21, 2017","33.240","33.220","33.280","33.170","0.06%"
"Aug 18, 2017","33.220","33.250","33.300","33.180","-0.09%"
"Aug 17, 2017","33.250","33.270","33.290","33.200","-0.03%"
"Aug 16, 2017","33.260","33.300","33.330","33.240","-0.15%"
"Aug 15, 2017","33.310","33.260","33.350","33.230","0.15%"
"Aug 14, 2017","33.260","33.200","33.290","33.170","0.18%"
"Aug 11, 2017","33.200","33.230","33.290","33.140","-0.12%"
"Aug 10, 2017","33.240","33.240","33.290","33.180","-0.06%"
"Aug 09, 2017","33.260","33.260","33.330","33.190","-0.06%"
"Aug 08, 2017","33.280","33.280","33.320","33.210","0.00%"
"Aug 07, 2017","33.280","33.260","33.330","33.210","0.00%"
"Aug 04, 2017","33.280","33.240","33.340","33.200","0.06%"
"Aug 03, 2017","33.260","33.240","33.330","33.210","0.00%"
"Aug 02, 2017","33.260","33.280","33.350","33.210","-0.06%"
"Aug 01, 2017","33.280","33.280","33.340","33.200","-0.06%"
"Jul 31, 2017","33.300","33.360","33.410","33.240","-0.24%"
"Jul 28, 2017","33.380","33.310","33.420","33.290","0.12%"
"Jul 27, 2017","33.340","33.400","33.420","33.250","-0.18%"
"Jul 26, 2017","33.400","33.460","33.540","33.350","-0.21%"
"Jul 25, 2017","33.470","33.390","33.510","33.380","0.15%"
"Jul 24, 2017","33.420","33.430","33.490","33.360","-0.12%"
"Jul 21, 2017","33.460","33.550","33.620","33.410","-0.36%"
"Jul 20, 2017","33.580","33.600","33.710","33.520","-0.06%"
"Jul 19, 2017","33.600","33.570","33.680","33.530","0.06%"
"Jul 18, 2017","33.580","33.610","33.690","33.530","-0.09%"
"Jul 17, 2017","33.610","33.760","33.790","33.580","-0.47%"
"Jul 14, 2017","33.770","33.930","33.960","33.720","-0.47%"
"Jul 13, 2017","33.930","33.940","34.000","33.890","-0.07%"
"Jul 12, 2017","33.955","34.070","34.105","33.910","-0.40%"
"Jul 11, 2017","34.090","34.110","34.160","34.020","-0.09%"
"Jul 10, 2017","34.120","34.090","34.170","34.070","0.03%"
"Jul 07, 2017","34.110","34.060","34.130","34.020","0.15%"
"Jul 06, 2017","34.060","33.990","34.120","33.980","0.15%"
"Jul 05, 2017","34.010","33.980","34.080","33.950","0.03%"
"Jul 04, 2017","34.000","33.980","34.050","33.950","0.01%"
"Jul 03, 2017","33.995","33.910","34.035","33.900","0.19%"
"Jun 30, 2017","33.930","33.980","34.030","33.880","-0.21%"
"Jun 29, 2017","34.000","33.950","34.030","33.910","0.12%"
"Jun 28, 2017","33.960","33.960","34.030","33.920","-0.06%"
"Jun 27, 2017","33.980","33.960","34.010","33.890","0.03%"
"Jun 26, 2017","33.970","33.920","34.020","33.880","0.12%"
"Jun 23, 2017","33.930","33.970","34.010","33.910","-0.18%"
"Jun 22, 2017","33.990","34.000","34.020","33.910","-0.03%"
"Jun 21, 2017","34.000","34.010","34.060","33.950","-0.03%"
"Jun 20, 2017","34.010","33.960","34.050","33.930","0.12%"
"Jun 19, 2017","33.970","33.930","33.990","33.880","0.09%"
"Jun 16, 2017","33.940","33.950","34.040","33.900","-0.09%"
"Jun 15, 2017","33.970","33.890","34.030","33.810","0.18%"
"Jun 14, 2017","33.910","33.900","33.960","33.800","-0.01%"
"Jun 13, 2017","33.915","34.040","34.085","33.870","-0.40%"
"Jun 12, 2017","34.050","34.050","34.100","33.990","-0.04%"
"Jun 09, 2017","34.065","34.060","34.125","34.000","-0.04%"
"Jun 08, 2017","34.080","34.050","34.100","33.990","0.15%"
"Jun 07, 2017","34.030","33.950","34.060","33.910","0.24%"
"Jun 06, 2017","33.950","33.990","34.060","33.910","-0.18%"
"Jun 05, 2017","34.010","34.040","34.110","33.920","-0.10%"
"Jun 02, 2017","34.045","34.140","34.245","34.010","-0.31%"
"Jun 01, 2017","34.150","34.030","34.210","33.990","0.32%"
"May 31, 2017","34.040","34.130","34.150","34.000","-0.25%"
"May 30, 2017","34.125","34.100","34.205","34.070","0.04%"
"May 29, 2017","34.110","34.040","34.140","34.010","0.18%"
"May 26, 2017","34.050","34.130","34.200","34.000","-0.26%"
"May 25, 2017","34.140","34.320","34.370","34.080","-0.58%"
"May 24, 2017","34.340","34.420","34.500","34.310","-0.29%"
"May 23, 2017","34.440","34.310","34.460","34.280","0.38%"
"May 22, 2017","34.310","34.270","34.430","34.240","-0.06%"
"May 19, 2017","34.330","34.500","34.570","34.270","-0.55%"
"May 18, 2017","34.520","34.470","34.590","34.420","0.12%"
"May 17, 2017","34.480","34.470","34.560","34.420","0.03%"
"May 16, 2017","34.470","34.530","34.570","34.420","-0.23%"
"May 15, 2017","34.550","34.640","34.690","34.490","-0.32%"
"May 12, 2017","34.660","34.680","34.760","34.610","-0.14%"
"May 11, 2017","34.710","34.750","34.830","34.670","-0.17%"
"May 10, 2017","34.770","34.760","34.820","34.700","-0.04%"
"May 09, 2017","34.785","34.630","34.835","34.610","0.39%"
"May 08, 2017","34.650","34.650","34.740","34.570","-0.06%"
"May 05, 2017","34.670","34.610","34.750","34.550","0.12%"
"May 04, 2017","34.630","34.530","34.690","34.500","0.23%"
"May 03, 2017","34.550","34.460","34.580","34.390","0.23%"
"May 02, 2017","34.470","34.580","34.630","34.430","-0.38%"
"May 01, 2017","34.600","34.580","34.630","34.540","0.03%"
"Apr 28, 2017","34.590","34.570","34.670","34.540","-0.03%"
"Apr 27, 2017","34.600","34.480","34.650","34.430","0.35%"
"Apr 26, 2017","34.480","34.410","34.550","34.380","0.12%"
"Apr 25, 2017","34.440","34.350","34.450","34.310","0.23%"
"Apr 24, 2017","34.360","34.360","34.420","34.290","0.00%"
"Apr 21, 2017","34.360","34.390","34.450","34.310","-0.09%"
"Apr 20, 2017","34.390","34.380","34.430","34.300","-0.03%"
"Apr 19, 2017","34.400","34.320","34.440","34.250","0.20%"
"Apr 18, 2017","34.330","34.270","34.450","34.250","0.12%"
"Apr 17, 2017","34.290","34.350","34.440","34.190","-0.17%"
"Apr 14, 2017","34.350","34.370","34.410","34.280","-0.06%"
"Apr 13, 2017","34.370","34.390","34.460","34.280","-0.09%"
"Apr 12, 2017","34.400","34.540","34.570","34.380","-0.43%"
"Apr 11, 2017","34.550","34.600","34.650","34.500","-0.20%"
"Apr 10, 2017","34.620","34.610","34.680","34.570","0.03%"
"Apr 07, 2017","34.610","34.560","34.700","34.540","0.09%"
"Apr 06, 2017","34.580","34.540","34.700","34.500","0.12%"
"Apr 05, 2017","34.540","34.460","34.600","34.410","0.23%"
"Apr 04, 2017","34.460","34.340","34.510","34.330","0.26%"
"Apr 03, 2017","34.370","34.320","34.410","34.230","0.06%"
"Mar 31, 2017","34.350","34.430","34.520","34.280","-0.29%"
"Mar 30, 2017","34.450","34.400","34.520","34.380","0.10%"
"Mar 29, 2017","34.415","34.430","34.555","34.350","-0.10%"
"Mar 28, 2017","34.450","34.360","34.470","34.330","0.22%"
"Mar 27, 2017","34.375","34.530","34.615","34.300","-0.56%"
"Mar 24, 2017","34.570","34.580","34.710","34.490","-0.06%"
"Mar 23, 2017","34.590","34.540","34.710","34.520","0.14%"
"Mar 22, 2017","34.540","34.710","34.800","34.510","-0.55%"
"Mar 21, 2017","34.730","34.640","34.790","34.600","0.20%"
"Mar 20, 2017","34.660","34.840","34.880","34.590","-0.52%"
"Mar 17, 2017","34.840","34.910","35.000","34.800","-0.23%"
"Mar 16, 2017","34.920","35.070","35.130","34.840","-0.43%"
"Mar 15, 2017","35.070","35.310","35.350","35.020","-0.68%"
"Mar 14, 2017","35.310","35.280","35.370","35.260","0.06%"
"Mar 13, 2017","35.290","35.320","35.370","35.230","-0.08%"
"Mar 10, 2017","35.320","35.360","35.450","35.290","-0.17%"
"Mar 09, 2017","35.380","35.290","35.430","35.270","0.20%"
"Mar 08, 2017","35.310","35.120","35.360","35.070","0.54%"
"Mar 07, 2017","35.120","35.060","35.160","35.030","0.11%"
"Mar 06, 2017","35.080","35.040","35.100","34.990","0.14%"
"Mar 03, 2017","35.030","35.040","35.150","34.990","-0.06%"
"Mar 02, 2017","35.050","34.980","35.090","34.940","0.17%"
"Mar 01, 2017","34.990","34.920","35.040","34.880","0.14%"
"Feb 28, 2017","34.940","34.830","34.970","34.810","0.29%"
"Feb 27, 2017","34.840","34.890","34.920","34.800","-0.10%"
"Feb 24, 2017","34.875","34.950","35.015","34.820","-0.27%"
"Feb 23, 2017","34.970","35.020","35.050","34.930","-0.14%"
"Feb 22, 2017","35.020","35.020","35.060","34.960","0.00%"
"Feb 21, 2017","35.020","35.010","35.080","34.990","0.00%"
"Feb 20, 2017","35.020","34.980","35.070","34.920","0.07%"
"Feb 17, 2017","34.995","34.990","35.045","34.950","0.01%"
"Feb 16, 2017","34.990","35.020","35.050","34.950","-0.11%"
"Feb 15, 2017","35.030","35.010","35.080","34.960","0.03%"
"Feb 14, 2017","35.020","35.050","35.110","34.930","-0.17%"
"Feb 13, 2017","35.080","35.040","35.150","35.020","0.06%"
"Feb 10, 2017","35.060","35.050","35.120","35.010","-0.09%"
"Feb 09, 2017","35.090","35.010","35.090","34.960","0.20%"
"Feb 08, 2017","35.020","35.030","35.100","34.980","-0.03%"
"Feb 07, 2017","35.030","35.010","35.080","34.980","0.09%"
"Feb 06, 2017","35.000","35.010","35.080","34.960","-0.06%"
"Feb 03, 2017","35.020","35.060","35.120","34.990","-0.11%"
"Feb 02, 2017","35.060","35.090","35.140","35.020","-0.14%"
"Feb 01, 2017","35.110","35.090","35.180","35.060","0.06%"
"Jan 31, 2017","35.090","35.210","35.240","35.060","-0.37%"
"Jan 30, 2017","35.220","35.240","35.320","35.150","-0.16%"
"Jan 27, 2017","35.275","35.320","35.355","35.200","-0.13%"
"Jan 26, 2017","35.320","35.190","35.360","35.160","0.28%"
"Jan 25, 2017","35.220","35.240","35.300","35.170","-0.06%"
"Jan 24, 2017","35.240","35.250","35.290","35.160","-0.03%"
"Jan 23, 2017","35.250","35.410","35.420","35.200","-0.44%"
"Jan 20, 2017","35.405","35.380","35.495","35.280","0.07%"
"Jan 19, 2017","35.380","35.410","35.470","35.340","-0.14%"
"Jan 18, 2017","35.430","35.260","35.450","35.200","0.43%"
"Jan 17, 2017","35.280","35.400","35.450","35.240","-0.42%"
"Jan 16, 2017","35.430","35.380","35.510","35.370","0.00%"
"Jan 13, 2017","35.430","35.340","35.480","35.340","0.17%"
"Jan 12, 2017","35.370","35.480","35.490","35.270","-0.23%"
"Jan 11, 2017","35.450","35.550","35.630","35.410","-0.31%"
"Jan 10, 2017","35.560","35.630","35.690","35.500","-0.25%"
"Jan 09, 2017","35.650","35.710","35.800","35.600","-0.25%"
"Jan 06, 2017","35.740","35.680","35.760","35.620","0.17%"
"Jan 05, 2017","35.680","35.800","35.850","35.630","-0.39%"
"Jan 04, 2017","35.820","35.900","35.960","35.770","-0.31%"
"Jan 03, 2017","35.930","35.790","36.010","35.760","0.31%"
"Jan 02, 2017","35.820","35.800","35.880","35.740","-0.08%"
"Dec 30, 2016","35.850","35.900","35.930","35.740","-0.14%"
"Dec 29, 2016","35.900","35.990","36.040","35.860","-0.31%"
"Dec 28, 2016","36.010","36.000","36.050","35.960","-0.01%"
"Dec 27, 2016","36.015","35.950","36.055","35.890","0.40%"
"Dec 26, 2016","35.870","35.940","36.000","35.810","-0.22%"
"Dec 23, 2016","35.950","35.990","36.040","35.920","-0.18%"
"Dec 22, 2016","36.015","35.970","36.065","35.950","0.07%"
"Dec 21, 2016","35.990","36.000","36.090","35.950","-0.06%"
"Dec 20, 2016","36.010","35.860","36.060","35.830","0.39%"
"Dec 19, 2016","35.870","35.850","35.920","35.770","0.06%"
"Dec 16, 2016","35.850","35.760","35.900","35.710","0.22%"
"Dec 15, 2016","35.770","35.660","35.840","35.600","0.39%"
"Dec 14, 2016","35.630","35.560","35.700","35.510","0.20%"
"Dec 13, 2016","35.560","35.570","35.630","35.520","-0.03%"
"Dec 12, 2016","35.570","35.660","35.740","35.530","-0.21%"
"Dec 09, 2016","35.645","35.620","35.735","35.580","0.03%"
"Dec 08, 2016","35.635","35.590","35.705","35.550","0.07%"
"Dec 07, 2016","35.610","35.600","35.700","35.570","-0.03%"
"Dec 06, 2016","35.620","35.610","35.680","35.560","-0.03%"
"Dec 05, 2016","35.630","35.580","35.710","35.570","0.08%"
"Dec 02, 2016","35.600","35.660","35.720","35.550","-0.25%"
"Dec 01, 2016","35.690","35.690","35.770","35.610","-0.06%"
"Nov 30, 2016","35.710","35.650","35.770","35.550","0.11%"
"Nov 29, 2016","35.670","35.560","35.720","35.500","0.32%"
"Nov 28, 2016","35.555","35.620","35.665","35.490","-0.21%"
"Nov 25, 2016","35.630","35.660","35.720","35.580","-0.11%"
"Nov 24, 2016","35.670","35.680","35.750","35.600","-0.08%"
"Nov 23, 2016","35.700","35.500","35.730","35.430","0.56%"
"Nov 22, 2016","35.500","35.510","35.610","35.380","-0.08%"
"Nov 21, 2016","35.530","35.550","35.610","35.410","-0.11%"
"Nov 18, 2016","35.570","35.470","35.640","35.460","0.23%"
"Nov 17, 2016","35.490","35.490","35.530","35.350","0.03%"
"Nov 16, 2016","35.480","35.430","35.540","35.380","0.08%"
"Nov 15, 2016","35.450","35.480","35.510","35.310","-0.14%"
"Nov 14, 2016","35.500","35.400","35.530","35.360","0.31%"
"Nov 11, 2016","35.390","35.290","35.440","35.200","0.25%"
"Nov 10, 2016","35.300","35.030","35.310","34.990","0.77%"
"Nov 09, 2016","35.030","34.930","35.060","34.830","0.26%"
"Nov 08, 2016","34.940","34.980","35.020","34.910","-0.17%"
"Nov 07, 2016","35.000","34.970","35.070","34.940","0.17%"
"Nov 04, 2016","34.940","34.970","35.040","34.920","-0.11%"
"Nov 03, 2016","34.980","34.940","35.010","34.880","0.11%"
"Nov 02, 2016","34.940","35.020","35.090","34.910","-0.26%"
"Nov 01, 2016","35.030","35.020","35.070","34.960","0.00%"
"Oct 31, 2016","35.030","35.000","35.080","34.950","0.03%"
"Oct 28, 2016","35.020","35.120","35.160","35.000","-0.37%"
"Oct 27, 2016","35.150","35.020","35.160","34.990","0.31%"
"Oct 26, 2016","35.040","34.880","35.070","34.850","0.40%"
"Oct 25, 2016","34.900","35.030","35.100","34.860","-0.40%"
"Oct 24, 2016","35.040","35.090","35.190","34.960","-0.26%"
"Oct 21, 2016","35.130","35.000","35.180","34.970","0.34%"
"Oct 20, 2016","35.010","34.830","35.070","34.820","0.43%"
"Oct 19, 2016","34.860","35.000","35.050","34.820","-0.46%"
"Oct 18, 2016","35.020","35.230","35.270","34.970","-0.65%"
"Oct 17, 2016","35.250","35.330","35.470","35.190","-0.25%"
"Oct 14, 2016","35.340","35.360","35.420","35.040","-0.20%"
"Oct 13, 2016","35.410","35.670","35.890","35.310","-0.73%"
"Oct 12, 2016","35.670","35.450","35.900","35.300","0.62%"
"Oct 11, 2016","35.450","35.130","35.500","35.100","0.91%"
"Oct 10, 2016","35.130","34.870","35.180","34.850","0.69%"
"Oct 07, 2016","34.890","34.850","34.950","34.810","0.09%"
"Oct 06, 2016","34.860","34.810","34.920","34.760","0.09%"
"Oct 05, 2016","34.830","34.740","34.890","34.730","0.11%"
"Oct 04, 2016","34.790","34.630","34.820","34.620","0.40%"
"Oct 03, 2016","34.650","34.600","34.690","34.540","0.17%"
"Sep 30, 2016","34.590","34.650","34.760","34.560","-0.23%"
"Sep 29, 2016","34.670","34.570","34.710","34.540","0.26%"
"Sep 28, 2016","34.580","34.580","34.650","34.560","-0.06%"
"Sep 27, 2016","34.600","34.570","34.640","34.530","0.03%"
"Sep 26, 2016","34.590","34.660","34.710","34.550","-0.17%"
"Sep 23, 2016","34.650","34.600","34.700","34.580","0.09%"
"Sep 22, 2016","34.620","34.670","34.720","34.570","-0.17%"
"Sep 21, 2016","34.680","34.750","34.850","34.640","-0.24%"
"Sep 20, 2016","34.765","34.800","34.875","34.740","-0.16%"
"Sep 19, 2016","34.820","34.900","34.950","34.750","-0.31%"
"Sep 16, 2016","34.930","34.900","34.980","34.760","0.11%"
"Sep 15, 2016","34.890","34.870","34.970","34.820","0.06%"
"Sep 14, 2016","34.870","34.930","34.990","34.840","-0.23%"
"Sep 13, 2016","34.950","34.850","35.000","34.780","0.23%"
"Sep 12, 2016","34.870","34.880","34.980","34.770","0.06%"
"Sep 09, 2016","34.850","34.760","34.870","34.710","0.22%"
"Sep 08, 2016","34.775","34.630","34.815","34.600","0.42%"
"Sep 07, 2016","34.630","34.600","34.670","34.530","0.09%"
"Sep 06, 2016","34.600","34.730","34.840","34.550","-0.40%"
"Sep 05, 2016","34.740","34.630","34.790","34.580","0.32%"
"Sep 02, 2016","34.630","34.590","34.650","34.530","0.09%"
"Sep 01, 2016","34.600","34.600","34.680","34.550","-0.09%"
"Aug 31, 2016","34.630","34.570","34.670","34.560","0.09%"
"Aug 30, 2016","34.600","34.560","34.630","34.510","0.06%"
"Aug 29, 2016","34.580","34.660","34.710","34.530","-0.23%"
"Aug 26, 2016","34.660","34.530","34.690","34.490","0.29%"
"Aug 25, 2016","34.560","34.630","34.650","34.520","-0.20%"
"Aug 24, 2016","34.630","34.630","34.700","34.580","0.03%"
"Aug 23, 2016","34.620","34.660","34.680","34.550","-0.14%"
"Aug 22, 2016","34.670","34.640","34.780","34.590","0.09%"
"Aug 19, 2016","34.640","34.540","34.680","34.520","0.26%"
"Aug 18, 2016","34.550","34.630","34.680","34.490","-0.29%"
"Aug 17, 2016","34.650","34.600","34.720","34.570","0.09%"
"Aug 16, 2016","34.620","34.580","34.670","34.490","0.06%"
"Aug 15, 2016","34.600","34.770","34.820","34.560","-0.50%"
"Aug 12, 2016","34.775","34.710","34.875","34.680","0.16%"
"Aug 11, 2016","34.720","34.770","34.840","34.670","-0.14%"
"Aug 10, 2016","34.770","34.860","34.910","34.700","-0.37%"
"Aug 09, 2016","34.900","34.980","35.010","34.840","-0.23%"
"Aug 08, 2016","34.980","35.060","35.110","34.880","-0.29%"
"Aug 05, 2016","35.080","34.890","35.120","34.780","0.49%"
"Aug 04, 2016","34.910","34.990","35.030","34.870","-0.31%"
"Aug 03, 2016","35.020","34.760","35.030","34.740","0.75%"
"Aug 02, 2016","34.760","34.770","34.840","34.720","-0.03%"
"Aug 01, 2016","34.770","34.770","34.820","34.700","0.00%"
"Jul 29, 2016","34.770","34.850","34.920","34.740","-0.23%"
"Jul 28, 2016","34.850","34.940","34.990","34.810","-0.23%"
"Jul 27, 2016","34.930","34.980","35.070","34.910","-0.17%"
"Jul 26, 2016","34.990","35.020","35.090","34.950","-0.09%"
"Jul 25, 2016","35.020","34.960","35.080","34.900","0.13%"
"Jul 22, 2016","34.975","34.950","35.015","34.860","0.01%"
"Jul 21, 2016","34.970","35.030","35.080","34.920","-0.17%"
"Jul 20, 2016","35.030","35.010","35.090","34.950","0.01%"
"Jul 19, 2016","35.025","34.940","35.075","34.920","0.21%"
"Jul 18, 2016","34.950","34.940","35.040","34.890","-0.06%"
"Jul 15, 2016","34.970","35.030","35.080","34.890","-0.17%"
"Jul 14, 2016","35.030","35.200","35.210","34.990","-0.48%"
"Jul 13, 2016","35.200","35.220","35.240","35.120","-0.06%"
"Jul 12, 2016","35.220","35.150","35.250","35.090","0.14%"
"Jul 11, 2016","35.170","35.130","35.210","35.050","-0.03%"
"Jul 08, 2016","35.180","35.210","35.310","35.140","-0.14%"
"Jul 07, 2016","35.230","35.220","35.260","35.130","0.03%"
"Jul 06, 2016","35.220","35.180","35.290","35.130","0.14%"
"Jul 05, 2016","35.170","35.050","35.210","35.020","0.34%"
"Jul 04, 2016","35.050","35.030","35.120","34.990","-0.14%"
"Jul 01, 2016","35.100","35.120","35.180","34.990","-0.06%"
"Jun 30, 2016","35.120","35.100","35.250","35.050","0.00%"
"Jun 29, 2016","35.120","35.200","35.280","35.050","-0.31%"
"Jun 28, 2016","35.230","35.290","35.350","35.180","-0.31%"
"Jun 27, 2016","35.340","35.290","35.460","35.240","0.06%"
"Jun 24, 2016","35.320","35.120","35.570","35.080","0.60%"
"Jun 23, 2016","35.110","35.170","35.240","35.090","-0.17%"
"Jun 22, 2016","35.170","35.220","35.290","35.130","-0.14%"
"Jun 21, 2016","35.220","35.190","35.270","35.130","0.00%"
"Jun 20, 2016","35.220","35.210","35.250","35.150","-0.11%"
"Jun 17, 2016","35.260","35.290","35.330","35.180","-0.14%"
"Jun 16, 2016","35.310","35.240","35.370","35.130","0.20%"
"Jun 15, 2016","35.240","35.280","35.400","35.160","-0.20%"
"Jun 14, 2016","35.310","35.170","35.340","35.090","0.34%"
"Jun 13, 2016","35.190","35.280","35.310","35.130","-0.20%"
"Jun 10, 2016","35.260","35.140","35.300","35.130","0.26%"
"Jun 09, 2016","35.170","35.100","35.280","35.070","0.14%"
"Jun 08, 2016","35.120","35.220","35.260","35.080","-0.28%"
"Jun 07, 2016","35.220","35.240","35.340","35.170","-0.11%"
"Jun 06, 2016","35.260","35.360","35.430","35.210","-0.31%"
"Jun 03, 2016","35.370","35.600","35.650","35.310","-0.70%"
"Jun 02, 2016","35.620","35.690","35.730","35.560","-0.20%"
"Jun 01, 2016","35.690","35.770","35.790","35.620","-0.22%"
"May 31, 2016","35.770","35.750","35.800","35.620","0.00%"
"May 30, 2016","35.770","35.720","35.810","35.690","0.14%"
"May 27, 2016","35.720","35.600","35.760","35.540","0.28%"
"May 26, 2016","35.620","35.650","35.690","35.520","-0.14%"
"May 25, 2016","35.670","35.750","35.810","35.600","-0.18%"
"May 24, 2016","35.735","35.670","35.815","35.630","0.13%"
"May 23, 2016","35.690","35.680","35.730","35.550","0.06%"
"May 20, 2016","35.670","35.680","35.770","35.590","-0.08%"
"May 19, 2016","35.700","35.680","35.810","35.630","0.06%"
"May 18, 2016","35.680","35.490","35.700","35.460","0.48%"
"May 17, 2016","35.510","35.410","35.560","35.310","0.28%"
"May 16, 2016","35.410","35.430","35.480","35.310","-0.14%"
"May 13, 2016","35.460","35.320","35.520","35.290","0.34%"
"May 12, 2016","35.340","35.260","35.380","35.190","0.17%"
"May 11, 2016","35.280","35.210","35.300","35.160","0.13%"
"May 10, 2016","35.235","35.240","35.285","35.170","-0.01%"
"May 09, 2016","35.240","35.100","35.270","35.070","0.28%"
"May 06, 2016","35.140","35.160","35.210","35.070","-0.11%"
"May 05, 2016","35.180","35.130","35.210","35.050","0.06%"
"May 04, 2016","35.160","34.950","35.190","34.950","0.54%"
"May 03, 2016","34.970","34.850","35.000","34.810","0.34%"
"May 02, 2016","34.850","34.910","34.950","34.810","-0.14%"
"Apr 29, 2016","34.900","34.990","35.020","34.850","-0.29%"
"Apr 28, 2016","35.000","35.110","35.160","34.960","-0.37%"
"Apr 27, 2016","35.130","35.120","35.210","35.060","-0.03%"
"Apr 26, 2016","35.140","35.060","35.240","35.050","0.17%"
"Apr 25, 2016","35.080","35.070","35.180","35.020","0.00%"
"Apr 22, 2016","35.080","35.080","35.120","34.980","0.00%"
"Apr 21, 2016","35.080","34.860","35.110","34.840","0.57%"
"Apr 20, 2016","34.880","34.820","34.960","34.800","0.17%"
"Apr 19, 2016","34.820","34.940","35.030","34.800","-0.40%"
"Apr 18, 2016","34.960","35.000","35.100","34.930","-0.23%"
"Apr 15, 2016","35.040","35.100","35.150","34.980","-0.14%"
"Apr 14, 2016","35.090","35.060","35.220","35.000","0.09%"
"Apr 13, 2016","35.060","35.000","35.090","34.930","0.17%"
"Apr 12, 2016","35.000","35.020","35.080","34.960","-0.06%"
"Apr 11, 2016","35.020","35.110","35.120","34.980","-0.23%"
"Apr 08, 2016","35.100","35.170","35.250","35.010","-0.28%"
"Apr 07, 2016","35.200","35.230","35.260","35.130","-0.09%"
"Apr 06, 2016","35.230","35.290","35.330","35.170","-0.17%"
"Apr 05, 2016","35.290","35.250","35.400","35.210","0.11%"
"Apr 04, 2016","35.250","35.160","35.310","35.100","0.24%"
"Apr 01, 2016","35.165","35.130","35.295","35.050","0.16%"
"Mar 31, 2016","35.110","35.230","35.270","35.060","-0.31%"
"Mar 30, 2016","35.220","35.330","35.370","35.160","-0.33%"
"Mar 29, 2016","35.335","35.330","35.465","35.300","0.01%"
"Mar 28, 2016","35.330","35.300","35.430","35.250","0.11%"
"Mar 25, 2016","35.290","35.290","35.390","35.240","-0.11%"
"Mar 24, 2016","35.330","35.200","35.400","35.180","0.37%"
"Mar 23, 2016","35.200","34.940","35.290","34.890","0.74%"
"Mar 22, 2016","34.940","34.910","34.990","34.850","0.09%"
"Mar 21, 2016","34.910","34.910","34.980","34.840","0.01%"
"Mar 18, 2016","34.905","34.740","34.945","34.710","0.42%"
"Mar 17, 2016","34.760","34.880","34.990","34.700","-0.40%"
"Mar 16, 2016","34.900","35.110","35.150","34.870","-0.65%"
"Mar 15, 2016","35.130","35.080","35.160","35.040","0.09%"
"Mar 14, 2016","35.100","35.000","35.160","34.970","0.13%"
"Mar 11, 2016","35.055","35.230","35.275","35.000","-0.50%"
"Mar 10, 2016","35.230","35.270","35.330","35.160","-0.17%"
"Mar 09, 2016","35.290","35.350","35.410","35.230","-0.20%"
"Mar 08, 2016","35.360","35.400","35.480","35.310","-0.17%"
"Mar 07, 2016","35.420","35.350","35.510","35.300","0.20%"
"Mar 04, 2016","35.350","35.410","35.480","35.310","-0.23%"
"Mar 03, 2016","35.430","35.530","35.570","35.380","-0.28%"
"Mar 02, 2016","35.530","35.580","35.650","35.500","-0.14%"
"Mar 01, 2016","35.580","35.630","35.670","35.550","-0.15%"
"Feb 29, 2016","35.635","35.710","35.785","35.580","-0.22%"
"Feb 26, 2016","35.715","35.650","35.785","35.590","0.14%"
"Feb 25, 2016","35.665","35.640","35.715","35.610","-0.01%"
"Feb 24, 2016","35.670","35.720","35.790","35.640","-0.14%"
"Feb 23, 2016","35.720","35.730","35.790","35.680","-0.08%"
"Feb 22, 2016","35.750","35.690","35.810","35.660","0.08%"
"Feb 19, 2016","35.720","35.570","35.800","35.540","0.37%"
"Feb 18, 2016","35.590","35.580","35.660","35.500","-0.06%"
"Feb 17, 2016","35.610","35.630","35.700","35.550","-0.11%"
"Feb 16, 2016","35.650","35.640","35.690","35.550","0.03%"
"Feb 15, 2016","35.640","35.580","35.730","35.550","0.17%"
"Feb 12, 2016","35.580","35.200","35.650","35.200","0.96%"
"Feb 11, 2016","35.240","35.280","35.340","35.190","-0.17%"
"Feb 10, 2016","35.300","35.400","35.440","35.250","-0.25%"
"Feb 09, 2016","35.390","35.520","35.550","35.350","-0.37%"
"Feb 08, 2016","35.520","35.550","35.650","35.450","-0.03%"
"Feb 05, 2016","35.530","35.610","35.660","35.450","-0.28%"
"Feb 04, 2016","35.630","35.700","35.750","35.500","-0.28%"
"Feb 03, 2016","35.730","35.830","35.900","35.660","-0.32%"
"Feb 02, 2016","35.845","35.570","35.875","35.550","0.72%"
"Feb 01, 2016","35.590","35.680","35.750","35.530","-0.36%"
"Jan 29, 2016","35.720","35.800","35.860","35.630","-0.33%"
"Jan 28, 2016","35.840","35.830","35.890","35.740","0.03%"
"Jan 27, 2016","35.830","35.840","35.900","35.740","0.00%"
"Jan 26, 2016","35.830","35.910","36.040","35.770","-0.22%"
"Jan 25, 2016","35.910","36.020","36.060","35.840","-0.22%"
"Jan 22, 2016","35.990","36.210","36.240","35.970","-0.61%"
"Jan 21, 2016","36.210","36.250","36.320","36.170","-0.17%"
"Jan 20, 2016","36.270","36.280","36.350","36.220","-0.11%"
"Jan 19, 2016","36.310","36.310","36.350","36.220","0.00%"
"Jan 18, 2016","36.310","36.340","36.380","36.240","-0.14%"
"Jan 15, 2016","36.360","36.300","36.420","36.260","0.03%"
"Jan 14, 2016","36.350","36.280","36.400","36.220","0.19%"
"Jan 13, 2016","36.280","36.280","36.360","36.190","-0.08%"
"Jan 12, 2016","36.310","36.250","36.390","36.210","0.17%"
"Jan 11, 2016","36.250","36.300","36.360","36.200","-0.36%"
"Jan 08, 2016","36.380","36.240","36.420","36.140","0.30%"
"Jan 07, 2016","36.270","36.230","36.360","36.170","0.06%"
"Jan 06, 2016","36.250","36.120","36.270","36.090","0.36%"
"Jan 05, 2016","36.120","36.130","36.190","36.060","-0.03%"
"Jan 04, 2016","36.130","36.050","36.210","36.020","0.24%"
"Jan 01, 2016","36.045","36.000","36.055","35.980","0.04%"
"Dec 31, 2015","36.030","36.090","36.120","35.970","-0.17%"
"Dec 30, 2015","36.090","36.060","36.110","35.950","0.03%"
"Dec 29, 2015","36.080","36.070","36.150","36.020","-0.03%"
"Dec 28, 2015","36.090","36.030","36.160","36.000","0.08%"
"Dec 25, 2015","36.060","36.050","36.110","35.980","-0.03%"
"Dec 24, 2015","36.070","36.050","36.150","35.990","0.00%"
"Dec 23, 2015","36.070","36.070","36.100","36.000","-0.01%"
"Dec 22, 2015","36.075","36.120","36.155","36.000","-0.12%"
"Dec 21, 2015","36.120","36.130","36.190","36.080","0.00%"
"Dec 18, 2015","36.120","36.160","36.220","36.060","-0.17%"
"Dec 17, 2015","36.180","35.930","36.210","35.870","0.67%"
"Dec 16, 2015","35.940","35.960","36.120","35.860","-0.06%"
"Dec 15, 2015","35.960","36.090","36.150","35.850","-0.43%"
"Dec 14, 2015","36.115","36.120","36.195","36.020","-0.10%"
"Dec 11, 2015","36.150","36.050","36.200","35.950","0.22%"
"Dec 10, 2015","36.070","35.960","36.110","35.900","0.25%"
"Dec 09, 2015","35.980","35.950","36.010","35.870","0.03%"
"Dec 08, 2015","35.970","35.870","36.000","35.820","0.28%"
"Dec 07, 2015","35.870","35.760","35.930","35.740","0.36%"
"Dec 04, 2015","35.740","35.830","35.930","35.700","-0.31%"
"Dec 03, 2015","35.850","35.840","35.930","35.780","-0.03%"
"Dec 02, 2015","35.860","35.750","35.920","35.710","0.31%"
"Dec 01, 2015","35.750","35.800","35.870","35.710","-0.14%"
"Nov 30, 2015","35.800","35.870","35.950","35.780","-0.21%"
"Nov 27, 2015","35.875","35.720","35.945","35.710","0.41%"
"Nov 26, 2015","35.730","35.680","35.800","35.640","0.14%"
"Nov 25, 2015","35.680","35.740","35.800","35.600","-0.17%"
"Nov 24, 2015","35.740","35.840","35.890","35.700","-0.33%"
"Nov 23, 2015","35.860","35.730","35.910","35.700","0.39%"
"Nov 20, 2015","35.720","35.760","35.820","35.600","-0.11%"
"Nov 19, 2015","35.760","35.960","36.000","35.700","-0.61%"
"Nov 18, 2015","35.980","35.990","36.080","35.920","-0.03%"
"Nov 17, 2015","35.990","35.970","36.040","35.910","0.06%"
"Nov 16, 2015","35.970","35.900","36.070","35.890","0.19%"
"Nov 13, 2015","35.900","35.850","35.980","35.790","0.08%"
"Nov 12, 2015","35.870","35.840","35.930","35.740","0.10%"
"Nov 11, 2015","35.835","35.870","35.915","35.780","-0.15%"
"Nov 10, 2015","35.890","35.890","35.960","35.810","-0.06%"
"Nov 09, 2015","35.910","35.820","35.980","35.780","0.22%"
"Nov 06, 2015","35.830","35.530","35.870","35.520","0.75%"
"Nov 05, 2015","35.565","35.530","35.635","35.450","0.10%"
"Nov 04, 2015","35.530","35.550","35.590","35.400","-0.11%"
"Nov 03, 2015","35.570","35.570","35.640","35.500","0.00%"
"Nov 02, 2015","35.570","35.620","35.660","35.510","-0.08%"
"Oct 30, 2015","35.600","35.660","35.690","35.520","-0.17%"
"Oct 29, 2015","35.660","35.640","35.740","35.530","0.00%"
"Oct 28, 2015","35.660","35.510","35.680","35.350","0.41%"
"Oct 27, 2015","35.515","35.460","35.565","35.430","0.10%"
"Oct 26, 2015","35.480","35.540","35.620","35.400","-0.20%"
"Oct 23, 2015","35.550","35.560","35.630","35.340","-0.08%"
"Oct 22, 2015","35.580","35.670","35.690","35.510","-0.25%"
"Oct 21, 2015","35.670","35.420","35.710","35.310","0.71%"
"Oct 20, 2015","35.420","35.450","35.520","35.350","-0.03%"
"Oct 19, 2015","35.430","35.270","35.520","35.210","0.47%"
"Oct 16, 2015","35.265","35.160","35.365","35.130","0.24%"
"Oct 15, 2015","35.180","35.330","35.340","35.110","-0.42%"
"Oct 14, 2015","35.330","35.630","35.680","35.240","-0.90%"
"Oct 13, 2015","35.650","35.350","35.690","35.320","0.85%"
"Oct 12, 2015","35.350","35.530","35.630","35.310","-0.53%"
"Oct 09, 2015","35.540","35.760","35.840","35.460","-0.67%"
"Oct 08, 2015","35.780","35.890","36.100","35.740","-0.31%"
"Oct 07, 2015","35.890","36.240","36.340","35.770","-0.95%"
"Oct 06, 2015","36.235","36.260","36.405","36.200","-0.07%"
"Oct 05, 2015","36.260","36.440","36.480","36.210","-0.44%"
"Oct 02, 2015","36.420","36.480","36.670","36.370","-0.22%"
"Oct 01, 2015","36.500","36.340","36.540","36.300","0.36%"
"Sep 30, 2015","36.370","36.430","36.460","36.240","-0.14%"
"Sep 29, 2015","36.420","36.350","36.510","36.330","0.17%"
"Sep 28, 2015","36.360","36.170","36.400","36.120","0.53%"
"Sep 25, 2015","36.170","36.230","36.310","36.100","-0.22%"
"Sep 24, 2015","36.250","36.210","36.380","36.160","0.06%"
"Sep 23, 2015","36.230","36.050","36.260","36.020","0.44%"
"Sep 22, 2015","36.070","35.810","36.150","35.800","0.67%"
"Sep 21, 2015","35.830","35.670","35.870","35.620","0.50%"
"Sep 18, 2015","35.650","35.760","35.860","35.460","-0.31%"
"Sep 17, 2015","35.760","35.850","35.920","35.560","-0.28%"
"Sep 16, 2015","35.860","35.910","36.050","35.810","-0.19%"
"Sep 15, 2015","35.930","36.010","36.070","35.860","-0.28%"
"Sep 14, 2015","36.030","36.060","36.100","35.970","0.00%"
"Sep 11, 2015","36.030","36.020","36.180","35.930","-0.03%"
"Sep 10, 2015","36.040","36.190","36.270","35.980","-0.44%"
"Sep 09, 2015","36.200","36.020","36.240","35.920","0.51%"
"Sep 08, 2015","36.015","36.120","36.255","35.980","-0.26%"
"Sep 07, 2015","36.110","35.960","36.160","35.900","0.39%"
"Sep 04, 2015","35.970","35.830","36.020","35.780","0.39%"
"Sep 03, 2015","35.830","35.740","35.920","35.730","0.20%"
"Sep 02, 2015","35.760","35.740","35.820","35.670","0.06%"
"Sep 01, 2015","35.740","35.830","35.850","35.660","-0.25%"
"Aug 31, 2015","35.830","35.830","35.920","35.770","-0.04%"
"Aug 28, 2015","35.845","35.630","35.935","35.610","0.55%"
"Aug 27, 2015","35.650","35.610","35.720","35.580","0.06%"
"Aug 26, 2015","35.630","35.520","35.700","35.490","0.25%"
"Aug 25, 2015","35.540","35.660","35.730","35.440","-0.34%"
"Aug 24, 2015","35.660","35.660","35.840","35.570","-0.11%"
"Aug 21, 2015","35.700","35.570","35.750","35.560","0.31%"
"Aug 20, 2015","35.590","35.530","35.670","35.490","0.17%"
"Aug 19, 2015","35.530","35.520","35.680","35.490","-0.03%"
"Aug 18, 2015","35.540","35.520","35.660","35.470","0.06%"
"Aug 17, 2015","35.520","35.250","35.570","35.200","0.75%"
"Aug 14, 2015","35.255","35.130","35.315","35.130","0.30%"
"Aug 13, 2015","35.150","35.280","35.310","35.120","-0.37%"
"Aug 12, 2015","35.280","35.320","35.570","35.140","-0.20%"
"Aug 11, 2015","35.350","35.070","35.430","35.050","0.74%"
"Aug 10, 2015","35.090","35.160","35.220","35.040","-0.11%"
"Aug 07, 2015","35.130","35.110","35.230","35.090","0.06%"
"Aug 06, 2015","35.110","35.170","35.210","35.070","-0.17%"
"Aug 05, 2015","35.170","35.110","35.210","35.020","0.20%"
"Aug 04, 2015","35.100","35.060","35.160","34.960","0.06%"
"Aug 03, 2015","35.080","34.970","35.120","34.960","0.23%"
"Jul 31, 2015","35.000","35.150","35.280","34.860","-0.43%"
"Jul 30, 2015","35.150","34.950","35.230","34.930","0.51%"
"Jul 29, 2015","34.970","34.840","35.010","34.810","0.39%"
"Jul 28, 2015","34.835","34.870","34.965","34.780","-0.10%"
"Jul 27, 2015","34.870","34.870","34.940","34.790","-0.11%"
"Jul 24, 2015","34.910","34.790","34.990","34.760","0.32%"
"Jul 23, 2015","34.800","34.690","34.910","34.650","0.23%"
"Jul 22, 2015","34.720","34.420","34.740","34.400","0.87%"
"Jul 21, 2015","34.420","34.470","34.520","34.370","-0.15%"
"Jul 20, 2015","34.470","34.230","34.510","34.170","0.73%"
"Jul 17, 2015","34.220","34.210","34.260","34.100","0.06%"
"Jul 16, 2015","34.200","34.170","34.260","34.140","0.03%"
"Jul 15, 2015","34.190","34.030","34.210","34.000","0.44%"
"Jul 14, 2015","34.040","34.010","34.080","33.980","0.03%"
"Jul 13, 2015","34.030","33.920","34.070","33.920","0.29%"
"Jul 10, 2015","33.930","33.940","34.000","33.870","-0.03%"
"Jul 09, 2015","33.940","33.930","34.030","33.880","-0.03%"
"Jul 08, 2015","33.950","33.980","34.090","33.890","-0.15%"
"Jul 07, 2015","34.000","33.840","34.030","33.820","0.47%"
"Jul 06, 2015","33.840","33.770","33.880","33.750","0.21%"
"Jul 03, 2015","33.770","33.770","33.820","33.730","-0.06%"
"Jul 02, 2015","33.790","33.820","33.860","33.730","-0.09%"
"Jul 01, 2015","33.820","33.780","33.860","33.700","0.06%"
"Jun 30, 2015","33.800","33.760","33.840","33.730","0.15%"
"Jun 29, 2015","33.750","33.800","33.900","33.710","-0.15%"
"Jun 26, 2015","33.800","33.760","33.850","33.730","0.12%"
"Jun 25, 2015","33.760","33.760","33.830","33.720","-0.09%"
"Jun 24, 2015","33.790","33.750","33.840","33.710","0.06%"
"Jun 23, 2015","33.770","33.690","33.810","33.630","0.18%"
"Jun 22, 2015","33.710","33.630","33.740","33.530","0.18%"
"Jun 19, 2015","33.650","33.630","33.710","33.590","0.01%"
"Jun 18, 2015","33.645","33.590","33.715","33.560","0.09%"
"Jun 17, 2015","33.615","33.670","33.805","33.570","-0.22%"
"Jun 16, 2015","33.690","33.660","33.730","33.630","0.03%"
"Jun 15, 2015","33.680","33.800","33.850","33.620","0.15%"
"Jun 12, 2015","33.630","33.690","33.800","33.600","-0.24%"
"Jun 11, 2015","33.710","33.590","33.800","33.580","0.33%"
"Jun 10, 2015","33.600","33.700","33.780","33.540","-0.33%"
"Jun 09, 2015","33.710","33.750","33.800","33.640","-0.15%"
"Jun 08, 2015","33.760","33.850","33.990","33.670","-0.44%"
"Jun 05, 2015","33.910","33.710","33.960","33.670","0.53%"
"Jun 04, 2015","33.730","33.610","33.790","33.610","0.27%"
"Jun 03, 2015","33.640","33.700","33.780","33.590","-0.18%"
"Jun 02, 2015","33.700","33.670","33.840","33.650","0.06%"
"Jun 01, 2015","33.680","33.660","33.820","33.590","-0.06%"
"May 29, 2015","33.700","33.770","33.820","33.600","-0.21%"
"May 28, 2015","33.770","33.770","33.880","33.690","0.00%"
"May 27, 2015","33.770","33.710","33.920","33.700","0.12%"
"May 26, 2015","33.730","33.580","33.800","33.540","0.42%"
"May 25, 2015","33.590","33.430","33.650","33.410","0.33%"
"May 22, 2015","33.480","33.390","33.530","33.280","0.21%"
"May 21, 2015","33.410","33.600","33.620","33.360","-0.54%"
"May 20, 2015","33.590","33.500","33.670","33.460","0.21%"
"May 19, 2015","33.520","33.400","33.570","33.320","0.36%"
"May 18, 2015","33.400","33.510","33.570","33.280","-0.24%"
"May 15, 2015","33.480","33.450","33.630","33.420","0.03%"
"May 14, 2015","33.470","33.490","33.580","33.300","-0.12%"
"May 13, 2015","33.510","33.720","33.750","33.450","-0.68%"
"May 12, 2015","33.740","33.730","33.900","33.680","0.03%"
"May 11, 2015","33.730","33.530","33.770","33.470","0.54%"
"May 08, 2015","33.550","33.510","33.610","33.430","0.09%"
"May 07, 2015","33.520","33.260","33.620","33.230","0.81%"
"May 06, 2015","33.250","33.340","33.360","33.140","-0.30%"
"May 05, 2015","33.350","33.320","33.460","33.130","0.03%"
"May 04, 2015","33.340","33.170","33.370","33.170","0.32%"
"May 01, 2015","33.235","33.010","33.255","32.980","0.65%"
"Apr 30, 2015","33.020","32.820","33.080","32.740","0.55%"
"Apr 29, 2015","32.840","32.630","32.900","32.580","0.64%"
"Apr 28, 2015","32.630","32.590","32.690","32.550","0.09%"
"Apr 27, 2015","32.600","32.570","32.750","32.520","0.12%"
"Apr 24, 2015","32.560","32.430","32.610","32.360","0.34%"
"Apr 23, 2015","32.450","32.380","32.500","32.350","0.22%"
"Apr 22, 2015","32.380","32.370","32.430","32.300","0.00%"
"Apr 21, 2015","32.380","32.400","32.460","32.310","-0.03%"
"Apr 20, 2015","32.390","32.280","32.460","32.260","0.12%"
"Apr 17, 2015","32.350","32.390","32.440","32.260","-0.12%"
"Apr 16, 2015","32.390","32.430","32.480","32.320","-0.12%"
"Apr 15, 2015","32.430","32.480","32.520","32.370","-0.15%"
"Apr 14, 2015","32.480","32.540","32.570","32.410","-0.32%"
"Apr 13, 2015","32.585","32.540","32.655","32.490","0.12%"
"Apr 10, 2015","32.545","32.540","32.605","32.490","-0.05%"
"Apr 09, 2015","32.560","32.550","32.630","32.490","-0.03%"
"Apr 08, 2015","32.570","32.540","32.610","32.490","0.03%"
"Apr 07, 2015","32.560","32.420","32.660","32.410","0.37%"
"Apr 06, 2015","32.440","32.390","32.480","32.370","0.09%"
"Apr 03, 2015","32.410","32.470","32.520","32.360","-0.15%"
"Apr 02, 2015","32.460","32.480","32.570","32.390","-0.06%"
"Apr 01, 2015","32.480","32.530","32.570","32.420","-0.18%"
"Mar 31, 2015","32.540","32.590","32.610","32.490","-0.18%"
"Mar 30, 2015","32.600","32.500","32.670","32.490","0.09%"
"Mar 27, 2015","32.570","32.540","32.630","32.500","0.03%"
"Mar 26, 2015","32.560","32.530","32.650","32.490","0.11%"
"Mar 25, 2015","32.525","32.490","32.625","32.430","0.11%"
"Mar 24, 2015","32.490","32.520","32.600","32.440","-0.18%"
"Mar 23, 2015","32.550","32.570","32.650","32.460","-0.09%"
"Mar 20, 2015","32.580","32.720","32.790","32.500","-0.49%"
"Mar 19, 2015","32.740","32.690","32.800","32.610","0.15%"
"Mar 18, 2015","32.690","32.920","32.960","32.600","-0.70%"
"Mar 17, 2015","32.920","32.910","32.980","32.860","-0.03%"
"Mar 16, 2015","32.930","32.960","33.040","32.840","0.06%"
"Mar 13, 2015","32.910","32.820","32.980","32.760","0.20%"
"Mar 12, 2015","32.845","32.850","32.955","32.730","-0.02%"
"Mar 11, 2015","32.850","32.710","32.980","32.570","0.43%"
"Mar 10, 2015","32.710","32.590","32.760","32.560","0.37%"
"Mar 09, 2015","32.590","32.530","32.640","32.490","0.06%"
"Mar 06, 2015","32.570","32.430","32.630","32.360","0.43%"
"Mar 05, 2015","32.430","32.390","32.460","32.350","0.12%"
"Mar 04, 2015","32.390","32.360","32.440","32.300","0.09%"
"Mar 03, 2015","32.360","32.330","32.390","32.300","0.03%"
"Mar 02, 2015","32.350","32.390","32.430","32.280","-0.03%"
"Feb 27, 2015","32.360","32.370","32.420","32.280","-0.09%"
"Feb 26, 2015","32.390","32.520","32.560","32.260","-0.40%"
"Feb 25, 2015","32.520","32.540","32.590","32.490","0.00%"
"Feb 24, 2015","32.520","32.550","32.630","32.480","-0.09%"
"Feb 23, 2015","32.550","32.570","32.610","32.460","0.06%"
"Feb 20, 2015","32.530","32.540","32.590","32.500","-0.09%"
"Feb 19, 2015","32.560","32.550","32.630","32.500","-0.03%"
"Feb 18, 2015","32.570","32.570","32.630","32.510","-0.06%"
"Feb 17, 2015","32.590","32.590","32.620","32.510","0.00%"
"Feb 16, 2015","32.590","32.590","32.640","32.500","-0.03%"
"Feb 13, 2015","32.600","32.610","32.680","32.550","-0.03%"
"Feb 12, 2015","32.610","32.630","32.740","32.590","-0.12%"
"Feb 11, 2015","32.650","32.620","32.700","32.600","0.03%"
"Feb 10, 2015","32.640","32.580","32.660","32.550","0.12%"
"Feb 09, 2015","32.600","32.630","32.700","32.500","-0.15%"
"Feb 06, 2015","32.650","32.600","32.690","32.480","0.15%"
"Feb 05, 2015","32.600","32.630","32.670","32.550","-0.15%"
"Feb 04, 2015","32.650","32.600","32.680","32.550","0.15%"
"Feb 03, 2015","32.600","32.560","32.670","32.480","0.06%"
"Feb 02, 2015","32.580","32.730","32.770","32.510","-0.46%"
"Jan 30, 2015","32.730","32.780","32.810","32.640","-0.15%"
"Jan 29, 2015","32.780","32.550","32.830","32.520","0.64%"
"Jan 28, 2015","32.570","32.490","32.660","32.490","0.22%"
"Jan 27, 2015","32.500","32.550","32.600","32.470","-0.21%"
"Jan 26, 2015","32.570","32.500","32.640","32.460","-0.03%"
"Jan 23, 2015","32.580","32.590","32.670","32.510","-0.06%"
"Jan 22, 2015","32.600","32.560","32.670","32.490","0.06%"
"Jan 21, 2015","32.580","32.690","32.770","32.500","-0.37%"
"Jan 20, 2015","32.700","32.580","32.790","32.570","0.34%"
"Jan 19, 2015","32.590","32.560","32.640","32.480","0.03%"
"Jan 16, 2015","32.580","32.760","32.810","32.510","-0.52%"
"Jan 15, 2015","32.750","32.750","32.810","32.700","-0.03%"
"Jan 14, 2015","32.760","32.800","32.860","32.720","-0.15%"
"Jan 13, 2015","32.810","32.860","32.900","32.770","-0.21%"
"Jan 12, 2015","32.880","32.850","32.930","32.750","0.14%"
"Jan 09, 2015","32.835","32.870","32.925","32.800","-0.11%"
"Jan 08, 2015","32.870","32.870","32.930","32.820","0.00%"
"Jan 07, 2015","32.870","32.850","32.970","32.820","0.03%"
"Jan 06, 2015","32.860","32.950","33.010","32.820","-0.30%"
"Jan 05, 2015","32.960","32.960","33.110","32.890","-0.03%"
"Jan 02, 2015","32.970","32.950","33.010","32.860","0.06%"
"Jan 01, 2015","32.950","32.920","32.950","32.860","0.12%"
"Dec 31, 2014","32.910","32.850","32.980","32.800","0.15%"
"Dec 30, 2014","32.860","32.940","33.010","32.830","-0.27%"
"Dec 29, 2014","32.950","32.910","33.000","32.870","0.09%"
"Dec 26, 2014","32.920","32.790","32.990","32.790","0.34%"
"Dec 25, 2014","32.810","32.880","32.930","32.790","-0.27%"
"Dec 24, 2014","32.900","32.910","32.940","32.820","-0.03%"
"Dec 23, 2014","32.910","32.880","33.010","32.830","0.03%"
"Dec 22, 2014","32.900","32.870","32.940","32.790","0.09%"
"Dec 19, 2014","32.870","32.870","32.970","32.780","0.03%"
"Dec 18, 2014","32.860","32.900","33.010","32.820","-0.21%"
"Dec 17, 2014","32.930","32.970","33.050","32.860","-0.15%"
"Dec 16, 2014","32.980","32.960","33.110","32.880","0.03%"
"Dec 15, 2014","32.970","32.800","33.020","32.740","0.43%"
"Dec 12, 2014","32.830","32.800","32.840","32.750","0.03%"
"Dec 11, 2014","32.820","32.770","32.920","32.730","0.15%"
"Dec 10, 2014","32.770","32.830","32.930","32.750","-0.24%"
"Dec 09, 2014","32.850","32.980","33.090","32.810","-0.45%"
"Dec 08, 2014","33.000","33.010","33.120","32.970","-0.05%"
"Dec 05, 2014","33.015","32.880","33.035","32.840","0.35%"
"Dec 04, 2014","32.900","32.850","32.940","32.840","0.09%"
"Dec 03, 2014","32.870","32.840","32.940","32.820","-0.03%"
"Dec 02, 2014","32.880","32.760","32.890","32.740","0.27%"
"Dec 01, 2014","32.790","32.920","32.970","32.740","-0.21%"
"Nov 28, 2014","32.860","32.770","32.880","32.750","0.27%"
"Nov 27, 2014","32.770","32.730","32.810","32.710","0.06%"
"Nov 26, 2014","32.750","32.770","32.830","32.720","-0.12%"
"Nov 25, 2014","32.790","32.800","32.860","32.760","-0.14%"
"Nov 24, 2014","32.835","32.740","32.855","32.700","0.24%"
"Nov 21, 2014","32.755","32.780","32.825","32.700","-0.14%"
"Nov 20, 2014","32.800","32.830","32.880","32.770","-0.09%"
"Nov 19, 2014","32.830","32.740","32.860","32.710","0.21%"
"Nov 18, 2014","32.760","32.790","32.830","32.710","-0.09%"
"Nov 17, 2014","32.790","32.830","32.900","32.730","-0.18%"
"Nov 14, 2014","32.850","32.760","32.900","32.750","0.18%"
"Nov 13, 2014","32.790","32.820","32.860","32.720","-0.18%"
"Nov 12, 2014","32.850","32.820","32.920","32.780","-0.03%"
"Nov 11, 2014","32.860","32.800","32.910","32.710","0.12%"
"Nov 10, 2014","32.820","32.720","32.860","32.690","0.15%"
"Nov 07, 2014","32.770","32.850","32.930","32.750","-0.18%"
"Nov 06, 2014","32.830","32.760","32.880","32.700","0.24%"
"Nov 05, 2014","32.750","32.650","32.880","32.620","0.21%"
"Nov 04, 2014","32.680","32.670","32.730","32.550","-0.09%"
"Nov 03, 2014","32.710","32.560","32.720","32.540","0.34%"
"Oct 31, 2014","32.600","32.550","32.620","32.420","0.12%"
"Oct 30, 2014","32.560","32.510","32.590","32.490","0.32%"
"Oct 29, 2014","32.455","32.410","32.525","32.390","0.03%"
"Oct 28, 2014","32.445","32.410","32.475","32.330","0.02%"
"Oct 27, 2014","32.440","32.360","32.470","32.340","0.09%"
"Oct 24, 2014","32.410","32.350","32.460","32.320","0.15%"
"Oct 23, 2014","32.360","32.310","32.380","32.280","0.11%"
"Oct 22, 2014","32.325","32.250","32.365","32.230","0.20%"
"Oct 21, 2014","32.260","32.250","32.320","32.190","-0.06%"
"Oct 20, 2014","32.280","32.380","32.410","32.250","-0.43%"
"Oct 17, 2014","32.420","32.390","32.480","32.310","0.03%"
"Oct 16, 2014","32.410","32.410","32.560","32.370","-0.06%"
"Oct 15, 2014","32.430","32.470","32.570","32.360","-0.20%"
"Oct 14, 2014","32.495","32.400","32.525","32.350","0.26%"
"Oct 13, 2014","32.410","32.410","32.460","32.360","-0.15%"
"Oct 10, 2014","32.460","32.410","32.500","32.360","0.03%"
"Oct 09, 2014","32.450","32.530","32.600","32.340","-0.41%"
"Oct 08, 2014","32.585","32.550","32.715","32.540","-0.02%"
"Oct 07, 2014","32.590","32.570","32.680","32.540","-0.09%"
"Oct 06, 2014","32.620","32.610","32.710","32.570","-0.06%"
"Oct 03, 2014","32.640","32.430","32.670","32.390","0.59%"
"Oct 02, 2014","32.450","32.420","32.490","32.340","0.08%"
"Oct 01, 2014","32.425","32.420","32.485","32.380","-0.02%"
"Sep 30, 2014","32.430","32.380","32.450","32.310","0.09%"
"Sep 29, 2014","32.400","32.280","32.420","32.280","0.22%"
"Sep 26, 2014","32.330","32.290","32.370","32.230","0.11%"
"Sep 25, 2014","32.295","32.180","32.325","32.180","0.22%"
"Sep 24, 2014","32.225","32.230","32.275","32.160","-0.09%"
"Sep 23, 2014","32.255","32.250","32.285","32.190","-0.02%"
"Sep 22, 2014","32.260","32.170","32.270","32.120","0.19%"
"Sep 19, 2014","32.200","32.210","32.310","32.170","-0.17%"
"Sep 18, 2014","32.255","32.310","32.365","32.220","-0.11%"
"Sep 17, 2014","32.290","32.170","32.290","32.160","0.26%"
"Sep 16, 2014","32.205","32.240","32.335","32.150","-0.22%"
"Sep 15, 2014","32.275","32.170","32.335","32.170","0.08%"
"Sep 12, 2014","32.250","32.170","32.280","32.150","0.23%"
"Sep 11, 2014","32.175","32.140","32.265","32.100","0.00%"
"Sep 10, 2014","32.175","32.060","32.245","32.030","0.25%"
"Sep 09, 2014","32.095","32.040","32.155","32.010","0.08%"
"Sep 08, 2014","32.070","31.980","32.110","31.880","0.25%"
"Sep 05, 2014","31.990","32.070","32.180","31.960","-0.30%"
"Sep 04, 2014","32.085","32.030","32.095","31.930","0.16%"
"Sep 03, 2014","32.035","32.120","32.175","31.910","-0.28%"
"Sep 02, 2014","32.125","31.960","32.135","31.940","0.48%"
"Sep 01, 2014","31.970","31.910","31.990","31.900","0.09%"
"Aug 29, 2014","31.940","31.930","31.970","31.880","0.00%"
"Aug 28, 2014","31.940","31.880","31.970","31.790","0.13%"
"Aug 27, 2014","31.900","31.910","31.940","31.860","-0.09%"
"Aug 26, 2014","31.930","31.950","31.980","31.880","-0.16%"
"Aug 25, 2014","31.980","31.930","32.030","31.930","0.13%"
"Aug 22, 2014","31.940","31.960","32.000","31.830","-0.13%"
"Aug 21, 2014","31.980","32.000","32.080","31.940","-0.09%"
"Aug 20, 2014","32.010","31.910","32.010","31.850","0.31%"
"Aug 19, 2014","31.910","31.820","31.910","31.800","0.24%"
"Aug 18, 2014","31.835","31.840","31.890","31.760","-0.14%"
"Aug 15, 2014","31.880","31.820","31.950","31.800","0.11%"
"Aug 14, 2014","31.845","31.940","31.960","31.820","-0.34%"
"Aug 13, 2014","31.955","32.070","32.090","31.920","-0.39%"
"Aug 12, 2014","32.080","32.070","32.110","32.030","-0.02%"
"Aug 11, 2014","32.085","32.100","32.130","32.050","-0.11%"
"Aug 08, 2014","32.120","32.230","32.340","32.080","-0.37%"
"Aug 07, 2014","32.240","32.160","32.320","32.130","0.19%"
"Aug 06, 2014","32.180","32.190","32.280","32.100","-0.11%"
"Aug 05, 2014","32.215","32.130","32.220","32.030","0.12%"
"Aug 04, 2014","32.175","32.130","32.180","32.080","0.11%"
"Aug 01, 2014","32.140","32.170","32.280","32.110","-0.16%"
"Jul 31, 2014","32.190","31.940","32.190","31.910","0.74%"
"Jul 30, 2014","31.955","31.820","31.980","31.800","0.36%"
"Jul 29, 2014","31.840","31.790","31.840","31.750","0.09%"
"Jul 28, 2014","31.810","31.810","31.850","31.760","-0.13%"
"Jul 25, 2014","31.850","31.820","31.890","31.800","0.02%"
"Jul 24, 2014","31.845","31.770","31.845","31.750","0.19%"
"Jul 23, 2014","31.785","31.760","31.830","31.720","0.06%"
"Jul 22, 2014","31.765","31.880","31.890","31.720","-0.47%"
"Jul 21, 2014","31.915","32.130","32.130","31.860","-0.67%"
"Jul 18, 2014","32.130","32.170","32.220","32.090","-0.17%"
"Jul 17, 2014","32.185","32.090","32.185","32.060","0.23%"
"Jul 16, 2014","32.110","32.120","32.200","32.060","-0.11%"
"Jul 15, 2014","32.145","32.120","32.190","32.100","0.03%"
"Jul 14, 2014","32.135","32.110","32.170","32.080","-0.02%"
"Jul 11, 2014","32.140","32.180","32.210","32.110","-0.16%"
"Jul 10, 2014","32.190","32.170","32.220","32.090","0.00%"
"Jul 09, 2014","32.190","32.360","32.390","32.170","-0.59%"
"Jul 08, 2014","32.380","32.400","32.410","32.350","-0.11%"
"Jul 07, 2014","32.415","32.340","32.415","32.340","0.14%"
"Jul 04, 2014","32.370","32.380","32.430","32.340","-0.08%"
"Jul 03, 2014","32.395","32.350","32.440","32.330","0.06%"
"Jul 02, 2014","32.375","32.350","32.460","32.330","-0.06%"
"Jul 01, 2014","32.395","32.400","32.420","32.350","-0.12%"
"Jun 30, 2014","32.435","32.420","32.490","32.360","-0.05%"
"Jun 27, 2014","32.450","32.450","32.500","32.420","-0.09%"
"Jun 26, 2014","32.480","32.430","32.490","32.410","0.09%"
"Jun 25, 2014","32.450","32.430","32.480","32.410","-0.02%"
"Jun 24, 2014","32.455","32.410","32.460","32.400","0.03%"
"Jun 23, 2014","32.445","32.410","32.480","32.360","-0.08%"
"Jun 20, 2014","32.470","32.450","32.480","32.380","-0.02%"
"Jun 19, 2014","32.475","32.410","32.490","32.350","0.11%"
"Jun 18, 2014","32.440","32.470","32.540","32.400","-0.20%"
"Jun 17, 2014","32.505","32.340","32.505","32.320","0.43%"
"Jun 16, 2014","32.365","32.370","32.400","32.310","-0.02%"
"Jun 13, 2014","32.370","32.430","32.450","32.340","-0.26%"
"Jun 12, 2014","32.455","32.480","32.500","32.410","-0.03%"
"Jun 11, 2014","32.465","32.450","32.520","32.410","-0.03%"
"Jun 10, 2014","32.475","32.380","32.530","32.380","0.15%"
"Jun 09, 2014","32.425","32.470","32.500","32.390","-0.17%"
"Jun 06, 2014","32.480","32.610","32.640","32.430","-0.47%"
"Jun 05, 2014","32.635","32.640","32.710","32.600","-0.09%"
"Jun 04, 2014","32.665","32.600","32.700","32.580","0.18%"
"Jun 03, 2014","32.605","32.830","32.840","32.580","-0.79%"
"Jun 02, 2014","32.865","32.810","32.900","32.810","0.11%"
"May 30, 2014","32.830","32.780","32.850","32.730","0.11%"
"May 29, 2014","32.795","32.670","32.800","32.620","0.31%"
"May 28, 2014","32.695","32.600","32.700","32.590","0.21%"
"May 27, 2014","32.625","32.560","32.640","32.520","0.14%"
"May 26, 2014","32.580","32.520","32.620","32.500","0.12%"
"May 23, 2014","32.540","32.550","32.600","32.430","-0.15%"
"May 22, 2014","32.590","32.460","32.600","32.320","0.37%"
"May 21, 2014","32.470","32.510","32.580","32.410","-0.23%"
"May 20, 2014","32.545","32.460","32.640","32.440","0.18%"
"May 19, 2014","32.485","32.440","32.540","32.400","-0.05%"
"May 16, 2014","32.500","32.500","32.540","32.420","-0.02%"
"May 15, 2014","32.505","32.390","32.530","32.320","0.28%"
"May 14, 2014","32.415","32.580","32.600","32.370","-0.58%"
"May 13, 2014","32.605","32.590","32.630","32.570","-0.03%"
"May 12, 2014","32.615","32.590","32.670","32.570","-0.05%"
"May 09, 2014","32.630","32.470","32.630","32.450","0.43%"
"May 08, 2014","32.490","32.380","32.510","32.360","0.31%"
"May 07, 2014","32.390","32.320","32.400","32.310","0.12%"
"May 06, 2014","32.350","32.330","32.410","32.300","-0.02%"
"May 05, 2014","32.355","32.370","32.370","32.290","-0.17%"
"May 02, 2014","32.410","32.350","32.430","32.300","0.12%"
"May 01, 2014","32.370","32.330","32.370","32.320","0.05%"
"Apr 30, 2014","32.355","32.210","32.380","32.210","0.29%"
"Apr 29, 2014","32.260","32.250","32.300","32.210","0.00%"
"Apr 28, 2014","32.260","32.220","32.270","32.180","0.03%"
"Apr 25, 2014","32.250","32.350","32.400","32.230","-0.31%"
"Apr 24, 2014","32.350","32.300","32.400","32.280","0.00%"
"Apr 23, 2014","32.350","32.300","32.400","32.280","0.09%"
"Apr 22, 2014","32.320","32.230","32.340","32.190","0.25%"
"Apr 21, 2014","32.240","32.160","32.270","32.140","0.16%"
"Apr 18, 2014","32.190","32.160","32.230","32.120","-0.02%"
"Apr 17, 2014","32.195","32.200","32.240","32.130","-0.09%"
"Apr 16, 2014","32.225","32.260","32.340","32.210","-0.26%"
"Apr 15, 2014","32.310","32.250","32.330","32.230","0.11%"
"Apr 14, 2014","32.275","32.220","32.320","32.210","-0.08%"
"Apr 11, 2014","32.300","32.260","32.340","32.180","0.08%"
"Apr 10, 2014","32.275","32.180","32.275","32.100","0.22%"
"Apr 09, 2014","32.205","32.240","32.290","32.120","-0.19%"
"Apr 08, 2014","32.265","32.440","32.460","32.220","-0.65%"
"Apr 07, 2014","32.475","32.450","32.490","32.410","0.02%"
"Apr 04, 2014","32.470","32.470","32.560","32.430","-0.06%"
"Apr 03, 2014","32.490","32.410","32.500","32.380","0.14%"
"Apr 02, 2014","32.445","32.330","32.445","32.300","0.29%"
"Apr 01, 2014","32.350","32.390","32.430","32.300","-0.23%"
"Mar 31, 2014","32.425","32.460","32.490","32.350","-0.23%"
"Mar 28, 2014","32.500","32.510","32.530","32.440","-0.05%"
"Mar 27, 2014","32.515","32.530","32.590","32.470","-0.18%"
"Mar 26, 2014","32.575","32.560","32.620","32.510","0.00%"
"Mar 25, 2014","32.575","32.440","32.580","32.380","0.40%"
"Mar 24, 2014","32.445","32.350","32.480","32.330","0.20%"
"Mar 21, 2014","32.380","32.360","32.420","32.320","-0.03%"
"Mar 20, 2014","32.390","32.280","32.440","32.270","0.72%"
"Mar 19, 2014","32.160","32.080","32.170","32.050","0.16%"
"Mar 18, 2014","32.110","32.220","32.240","32.070","-0.36%"
"Mar 17, 2014","32.225","32.270","32.310","32.190","-0.14%"
"Mar 14, 2014","32.270","32.320","32.400","32.230","-0.26%"
"Mar 13, 2014","32.355","32.370","32.420","32.240","-0.14%"
"Mar 12, 2014","32.400","32.360","32.470","32.290","0.09%"
"Mar 11, 2014","32.370","32.350","32.400","32.240","-0.02%"
"Mar 10, 2014","32.375","32.320","32.430","32.310","0.12%"
"Mar 07, 2014","32.335","32.230","32.380","32.190","0.26%"
"Mar 06, 2014","32.250","32.260","32.320","32.220","-0.12%"
"Mar 05, 2014","32.290","32.330","32.400","32.240","-0.12%"
"Mar 04, 2014","32.330","32.490","32.570","32.300","-0.61%"
"Mar 03, 2014","32.530","32.510","32.620","32.500","0.02%"
"Feb 28, 2014","32.525","32.540","32.650","32.490","-0.17%"
"Feb 27, 2014","32.580","32.550","32.660","32.520","-0.03%"
"Feb 26, 2014","32.590","32.520","32.600","32.490","0.12%"
"Feb 25, 2014","32.550","32.490","32.600","32.410","0.06%"
"Feb 24, 2014","32.530","32.520","32.650","32.500","-0.02%"
"Feb 21, 2014","32.535","32.540","32.610","32.470","-0.05%"
"Feb 20, 2014","32.550","32.500","32.670","32.500","-0.12%"
"Feb 19, 2014","32.590","32.460","32.670","32.450","0.31%"
"Feb 18, 2014","32.490","32.210","32.490","32.210","0.81%"
"Feb 17, 2014","32.230","32.320","32.380","32.170","-0.31%"
"Feb 14, 2014","32.330","32.520","32.550","32.280","-0.71%"
"Feb 13, 2014","32.560","32.510","32.610","32.470","0.09%"
"Feb 12, 2014","32.530","32.700","32.740","32.490","-0.61%"
"Feb 11, 2014","32.730","32.790","32.830","32.710","-0.23%"
"Feb 10, 2014","32.805","32.750","32.820","32.720","-0.02%"
"Feb 07, 2014","32.810","32.780","32.880","32.730","0.06%"
"Feb 06, 2014","32.790","32.710","32.850","32.710","0.09%"
"Feb 05, 2014","32.760","32.720","32.800","32.700","0.03%"
"Feb 04, 2014","32.750","32.930","32.950","32.710","-0.58%"
"Feb 03, 2014","32.940","32.970","33.000","32.790","-0.26%"
"Jan 31, 2014","33.025","32.960","33.030","32.920","0.05%"
"Jan 30, 2014","33.010","32.920","33.020","32.860","0.18%"
"Jan 29, 2014","32.950","32.860","32.950","32.820","0.12%"
"Jan 28, 2014","32.910","32.860","32.930","32.800","0.00%"
"Jan 27, 2014","32.910","32.840","32.930","32.820","0.20%"
"Jan 24, 2014","32.845","32.880","32.920","32.790","-0.11%"
"Jan 23, 2014","32.880","32.890","33.000","32.760","-0.12%"
"Jan 22, 2014","32.920","32.840","32.930","32.770","0.09%"
"Jan 21, 2014","32.890","32.790","32.930","32.750","0.24%"
"Jan 20, 2014","32.810","32.860","32.940","32.770","-0.05%"
"Jan 17, 2014","32.825","32.750","32.870","32.620","0.12%"
"Jan 16, 2014","32.785","32.850","32.960","32.730","-0.26%"
"Jan 15, 2014","32.870","32.780","32.880","32.730","0.27%"
"Jan 14, 2014","32.780","32.950","33.010","32.680","-0.58%"
"Jan 13, 2014","32.970","33.050","33.110","32.910","-0.09%"
"Jan 10, 2014","33.000","33.020","33.080","32.940","-0.03%"
"Jan 09, 2014","33.010","33.030","33.080","32.920","-0.12%"
"Jan 08, 2014","33.050","33.040","33.110","32.970","-0.06%"
"Jan 07, 2014","33.070","33.030","33.120","32.990","0.00%"
"Jan 06, 2014","33.070","32.980","33.130","32.950","0.20%"
"Jan 03, 2014","33.005","32.930","33.030","32.910","0.11%"
"Jan 02, 2014","32.970","32.720","32.970","32.640","0.83%"
"Jan 01, 2014","32.700","32.680","32.700","32.680","0.00%"
"Dec 31, 2013","32.700","32.810","32.870","32.650","-0.34%"
"Dec 30, 2013","32.810","32.820","32.930","32.770","-0.08%"
"Dec 27, 2013","32.835","32.790","32.870","32.710","-0.02%"
"Dec 26, 2013","32.840","32.750","32.840","32.710","0.18%"
"Dec 25, 2013","32.780","32.690","32.780","32.670","0.32%"
"Dec 24, 2013","32.675","32.660","32.840","32.620","-0.08%"
"Dec 23, 2013","32.700","32.580","32.760","32.560","0.28%"
"Dec 20, 2013","32.610","32.440","32.640","32.420","0.40%"
"Dec 19, 2013","32.480","32.310","32.490","32.210","0.46%"
"Dec 18, 2013","32.330","32.080","32.330","32.080","0.69%"
"Dec 17, 2013","32.110","31.990","32.180","31.960","0.31%"
"Dec 16, 2013","32.010","32.020","32.110","31.950","-0.20%"
"Dec 13, 2013","32.075","32.060","32.160","32.000","-0.14%"
"Dec 12, 2013","32.120","32.030","32.170","32.010","0.16%"
"Dec 11, 2013","32.070","32.060","32.130","31.900","0.03%"
"Dec 10, 2013","32.060","32.110","32.140","32.020","-0.19%"
"Dec 09, 2013","32.120","32.230","32.250","32.030","-0.34%"
"Dec 06, 2013","32.230","32.190","32.370","32.180","0.09%"
"Dec 05, 2013","32.200","32.180","32.290","32.150","-0.06%"
"Dec 04, 2013","32.220","32.130","32.290","32.110","0.12%"
"Dec 03, 2013","32.180","32.160","32.230","32.080","-0.03%"
"Dec 02, 2013","32.190","32.200","32.260","32.080","0.42%"
"Nov 29, 2013","32.055","32.090","32.150","32.000","-0.11%"
"Nov 28, 2013","32.090","32.070","32.230","32.060","-0.06%"
"Nov 27, 2013","32.110","32.030","32.160","31.980","0.06%"
"Nov 26, 2013","32.090","32.010","32.120","31.920","0.19%"
"Nov 25, 2013","32.030","31.800","32.040","31.790","0.68%"
"Nov 22, 2013","31.815","31.790","31.850","31.740","-0.05%"
"Nov 21, 2013","31.830","31.670","31.830","31.670","0.35%"
"Nov 20, 2013","31.720","31.570","31.730","31.560","0.32%"
"Nov 19, 2013","31.620","31.560","31.620","31.530","0.09%"
"Nov 18, 2013","31.590","31.570","31.600","31.480","-0.02%"
"Nov 15, 2013","31.595","31.550","31.630","31.520","0.11%"
"Nov 14, 2013","31.560","31.500","31.620","31.400","0.16%"
"Nov 13, 2013","31.510","31.610","31.620","31.490","-0.38%"
"Nov 12, 2013","31.630","31.600","31.650","31.510","-0.02%"
"Nov 11, 2013","31.635","31.460","31.690","31.450","0.48%"
"Nov 08, 2013","31.485","31.310","31.500","31.290","0.46%"
"Nov 07, 2013","31.340","31.230","31.360","31.200","0.29%"
"Nov 06, 2013","31.250","31.240","31.350","31.160","-0.13%"
"Nov 05, 2013","31.290","31.260","31.330","31.200","0.02%"
"Nov 04, 2013","31.285","31.170","31.340","31.160","0.27%"
"Nov 01, 2013","31.200","31.160","31.240","31.100","0.11%"
"Oct 31, 2013","31.165","31.050","31.190","31.030","0.19%"
"Oct 30, 2013","31.105","31.020","31.120","31.000","0.13%"
"Oct 29, 2013","31.065","31.030","31.150","30.960","0.03%"
"Oct 28, 2013","31.055","31.020","31.100","31.010","0.11%"
"Oct 25, 2013","31.020","31.120","31.160","30.990","-0.42%"
"Oct 24, 2013","31.150","31.140","31.200","31.050","-0.11%"
"Oct 23, 2013","31.185","31.010","31.190","30.940","0.48%"
"Oct 22, 2013","31.035","31.140","31.190","31.000","-0.42%"
"Oct 21, 2013","31.165","31.030","31.165","31.020","0.37%"
"Oct 18, 2013","31.050","30.980","31.070","30.950","0.10%"
"Oct 17, 2013","31.020","31.200","31.230","30.970","-0.69%"
"Oct 16, 2013","31.235","31.260","31.340","31.190","-0.13%"
"Oct 15, 2013","31.275","31.250","31.300","31.190","-0.02%"
"Oct 14, 2013","31.280","31.270","31.350","31.240","0.00%"
"Oct 11, 2013","31.280","31.320","31.350","31.200","-0.21%"
"Oct 10, 2013","31.345","31.430","31.540","31.320","-0.24%"
"Oct 09, 2013","31.420","31.350","31.480","31.310","0.11%"
"Oct 08, 2013","31.385","31.340","31.420","31.290","0.03%"
"Oct 07, 2013","31.375","31.250","31.400","31.240","0.34%"
"Oct 04, 2013","31.270","31.220","31.350","31.200","-0.08%"
"Oct 03, 2013","31.295","31.220","31.295","31.120","0.11%"
"Oct 02, 2013","31.260","31.190","31.350","31.180","0.14%"
"Oct 01, 2013","31.215","31.220","31.270","31.040","-0.08%"
"Sep 30, 2013","31.240","31.300","31.450","31.200","-0.26%"
"Sep 27, 2013","31.320","31.160","31.380","31.130","0.35%"
"Sep 26, 2013","31.210","31.210","31.340","31.090","-0.16%"
"Sep 25, 2013","31.260","31.300","31.460","31.200","-0.18%"
"Sep 24, 2013","31.315","31.170","31.400","31.130","0.40%"
"Sep 23, 2013","31.190","31.030","31.310","30.960","0.26%"
"Sep 20, 2013","31.110","31.000","31.110","30.850","0.19%"
"Sep 19, 2013","31.050","31.220","31.260","30.890","-0.72%"
"Sep 18, 2013","31.275","31.690","31.760","31.240","-1.36%"
"Sep 17, 2013","31.705","31.720","31.840","31.680","0.11%"
"Sep 16, 2013","31.670","31.760","31.760","31.590","-0.53%"
"Sep 13, 2013","31.840","31.650","31.910","31.650","0.62%"
"Sep 12, 2013","31.645","31.890","31.890","31.560","-0.91%"
"Sep 11, 2013","31.935","32.080","32.170","31.910","-0.64%"
"Sep 10, 2013","32.140","32.050","32.180","32.010","0.11%"
"Sep 09, 2013","32.105","32.230","32.330","32.080","-0.30%"
"Sep 06, 2013","32.200","32.290","32.480","32.170","-0.40%"
"Sep 05, 2013","32.330","32.150","32.330","32.070","0.53%"
"Sep 04, 2013","32.160","32.130","32.240","32.110","-0.03%"
"Sep 03, 2013","32.170","32.020","32.170","31.910","0.44%"
"Sep 02, 2013","32.030","32.130","32.180","32.000","-0.34%"
"Aug 30, 2013","32.140","32.070","32.170","31.990","0.03%"
"Aug 29, 2013","32.130","32.180","32.250","32.100","-0.17%"
"Aug 28, 2013","32.185","32.120","32.280","32.110","0.05%"
"Aug 27, 2013","32.170","31.960","32.190","31.950","0.56%"
"Aug 26, 2013","31.990","31.820","31.990","31.820","0.39%"
"Aug 23, 2013","31.865","32.040","32.060","31.840","-0.52%"
"Aug 22, 2013","32.030","31.860","32.170","31.860","0.50%"
"Aug 21, 2013","31.870","31.610","31.870","31.610","0.79%"
"Aug 20, 2013","31.620","31.380","31.720","31.360","0.75%"
"Aug 19, 2013","31.385","31.230","31.390","31.220","0.32%"
"Aug 16, 2013","31.285","31.220","31.320","31.210","0.00%"
"Aug 15, 2013","31.285","31.220","31.320","31.200","0.11%"
"Aug 14, 2013","31.250","31.230","31.330","31.230","-0.11%"
"Aug 13, 2013","31.285","31.210","31.300","31.170","0.19%"
"Aug 12, 2013","31.225","31.190","31.230","31.150","0.03%"
"Aug 09, 2013","31.215","31.180","31.260","31.140","0.10%"
"Aug 08, 2013","31.185","31.360","31.370","31.160","-0.68%"
"Aug 07, 2013","31.400","31.360","31.500","31.350","0.03%"
"Aug 06, 2013","31.390","31.330","31.450","31.310","0.06%"
"Aug 05, 2013","31.370","31.260","31.370","31.220","0.24%"
"Aug 02, 2013","31.295","31.300","31.420","31.220","-0.13%"
"Aug 01, 2013","31.335","31.240","31.340","31.190","-0.06%"
"Jul 31, 2013","31.355","31.240","31.380","31.240","0.30%"
"Jul 30, 2013","31.260","31.140","31.290","31.140","0.37%"
"Jul 29, 2013","31.145","31.100","31.200","31.050","0.10%"
"Jul 26, 2013","31.115","30.980","31.150","30.980","0.18%"
"Jul 25, 2013","31.060","30.980","31.120","30.980","0.18%"
"Jul 24, 2013","31.005","30.890","31.040","30.800","0.21%"
"Jul 23, 2013","30.940","30.900","30.960","30.850","0.03%"
"Jul 22, 2013","30.930","31.010","31.010","30.900","-0.27%"
"Jul 19, 2013","31.015","30.990","31.160","30.990","-0.06%"
"Jul 18, 2013","31.035","30.970","31.090","30.870","0.08%"
"Jul 17, 2013","31.010","31.010","31.080","31.000","-0.13%"
"Jul 16, 2013","31.050","31.080","31.140","30.990","-0.21%"
"Jul 15, 2013","31.115","31.110","31.220","31.060","-0.10%"
"Jul 12, 2013","31.145","31.060","31.180","30.990","0.02%"
"Jul 11, 2013","31.140","31.180","31.190","30.980","-0.34%"
"Jul 10, 2013","31.245","31.190","31.280","31.160","0.06%"
"Jul 09, 2013","31.225","31.380","31.450","31.180","-0.65%"
"Jul 08, 2013","31.430","31.250","31.490","31.250","0.66%"
"Jul 05, 2013","31.225","31.040","31.250","31.040","0.45%"
"Jul 04, 2013","31.085","31.040","31.100","31.010","0.05%"
"Jul 03, 2013","31.070","30.960","31.100","30.940","0.29%"
"Jul 02, 2013","30.980","30.910","30.980","30.840","0.15%"
"Jul 01, 2013","30.935","31.060","31.110","30.900","-0.66%"
"Jun 28, 2013","31.140","31.110","31.210","30.910","-0.02%"
"Jun 27, 2013","31.145","31.080","31.160","31.030","0.06%"
"Jun 26, 2013","31.125","31.010","31.160","30.950","0.11%"
"Jun 25, 2013","31.090","31.040","31.090","30.880","0.08%"
"Jun 24, 2013","31.065","31.090","31.160","31.010","-0.38%"
"Jun 21, 2013","31.185","31.140","31.230","30.990","0.11%"
"Jun 20, 2013","31.150","31.030","31.150","30.810","1.43%"
"Jun 19, 2013","30.710","30.830","31.060","30.570","-0.47%"
"Jun 18, 2013","30.855","30.620","30.900","30.620","0.60%"
"Jun 17, 2013","30.670","30.560","30.720","30.480","0.34%"
"Jun 14, 2013","30.565","30.690","30.730","30.420","-0.65%"
"Jun 13, 2013","30.765","30.940","31.110","30.650","-0.55%"
"Jun 12, 2013","30.935","30.890","31.170","30.870","-0.02%"
"Jun 11, 2013","30.940","30.750","30.990","30.740","0.60%"
"Jun 10, 2013","30.755","30.600","30.800","30.600","0.39%"
"Jun 07, 2013","30.635","30.540","30.660","30.490","0.20%"
"Jun 06, 2013","30.575","30.490","30.640","30.490","0.11%"
"Jun 05, 2013","30.540","30.420","30.590","30.420","0.31%"
"Jun 04, 2013","30.445","30.390","30.460","30.290","0.23%"
"Jun 03, 2013","30.375","30.340","30.480","30.290","-0.15%"
"May 31, 2013","30.420","30.090","30.450","30.070","0.81%"
"May 30, 2013","30.175","30.140","30.230","30.110","0.03%"
"May 29, 2013","30.165","30.050","30.210","30.010","0.37%"
"May 28, 2013","30.055","29.820","30.055","29.820","0.69%"
"May 27, 2013","29.850","29.940","29.960","29.800","-0.37%"
"May 24, 2013","29.960","29.880","29.990","29.870","0.15%"
"May 23, 2013","29.915","29.860","30.070","29.850","0.10%"
"May 22, 2013","29.885","29.750","29.885","29.720","0.34%"
"May 21, 2013","29.785","29.780","29.820","29.650","-0.10%"
"May 20, 2013","29.815","29.820","29.880","29.730","-0.17%"
"May 17, 2013","29.865","29.690","29.865","29.690","0.47%"
"May 16, 2013","29.725","29.720","29.790","29.600","-0.20%"
"May 15, 2013","29.785","29.630","29.785","29.630","0.34%"
"May 14, 2013","29.685","29.640","29.690","29.530","0.02%"
"May 13, 2013","29.680","29.740","29.870","29.590","-0.39%"
"May 10, 2013","29.795","29.450","29.800","29.410","1.14%"
"May 09, 2013","29.460","29.310","29.530","29.290","0.37%"
"May 08, 2013","29.350","29.550","29.630","29.300","-0.76%"
"May 07, 2013","29.575","29.570","29.690","29.510","-0.12%"
"May 06, 2013","29.610","29.630","29.670","29.520","-0.39%"
"May 03, 2013","29.725","29.430","29.725","29.400","0.99%"
"May 02, 2013","29.435","29.300","29.450","29.290","0.41%"
"May 01, 2013","29.315","29.230","29.315","29.220","0.14%"
"Apr 30, 2013","29.275","29.240","29.420","29.210","0.02%"
"Apr 29, 2013","29.270","29.220","29.360","29.120","0.12%"
"Apr 26, 2013","29.235","29.140","29.430","29.140","0.07%"
"Apr 25, 2013","29.215","28.910","29.215","28.850","0.93%"
"Apr 24, 2013","28.945","28.780","28.945","28.710","0.42%"
"Apr 23, 2013","28.825","28.670","28.830","28.660","0.47%"
"Apr 22, 2013","28.690","28.560","28.750","28.540","0.26%"
"Apr 19, 2013","28.615","28.650","28.730","28.540","-0.17%"
"Apr 18, 2013","28.665","28.800","28.880","28.640","-0.59%"
"Apr 17, 2013","28.835","28.920","28.960","28.750","-0.48%"
"Apr 16, 2013","28.975","29.090","29.100","28.940","-0.34%"
"Apr 15, 2013","29.075","29.030","29.080","29.000","0.07%"
"Apr 12, 2013","29.055","29.020","29.070","28.950","0.10%"
"Apr 11, 2013","29.025","29.020","29.070","28.950","0.00%"
"Apr 10, 2013","29.025","28.920","29.040","28.850","0.17%"
"Apr 09, 2013","28.975","29.220","29.230","28.890","-0.87%"
"Apr 08, 2013","29.230","29.220","29.270","29.200","-0.05%"
"Apr 05, 2013","29.245","29.270","29.310","29.220","-0.24%"
"Apr 04, 2013","29.315","29.320","29.420","29.290","-0.09%"
"Apr 03, 2013","29.340","29.390","29.470","29.290","-0.29%"
"Apr 02, 2013","29.425","29.280","29.425","29.260","0.34%"
"Apr 01, 2013","29.325","29.230","29.325","29.220","0.12%"
"Mar 29, 2013","29.290","29.330","29.330","29.220","-0.12%"
"Mar 28, 2013","29.325","29.270","29.325","29.180","0.14%"
"Mar 27, 2013","29.285","29.280","29.390","29.200","-0.12%"
"Mar 26, 2013","29.320","29.260","29.370","29.230","0.10%"
"Mar 25, 2013","29.290","29.250","29.300","29.180","0.05%"
"Mar 22, 2013","29.275","29.160","29.330","29.140","0.27%"
"Mar 21, 2013","29.195","29.100","29.220","29.080","0.21%"
"Mar 20, 2013","29.135","29.220","29.280","29.040","-0.48%"
"Mar 19, 2013","29.275","29.480","29.490","29.220","-0.78%"
"Mar 18, 2013","29.505","29.530","29.620","29.490","-0.08%"
"Mar 15, 2013","29.530","29.620","29.620","29.480","-0.49%"
"Mar 14, 2013","29.675","29.600","29.675","29.570","0.17%"
"Mar 13, 2013","29.625","29.550","29.630","29.550","0.07%"
"Mar 12, 2013","29.605","29.700","29.710","29.530","-0.40%"
"Mar 11, 2013","29.725","29.720","29.790","29.660","-0.07%"
"Mar 08, 2013","29.745","29.730","29.760","29.680","-0.03%"
"Mar 07, 2013","29.755","29.770","29.810","29.690","-0.17%"
"Mar 06, 2013","29.805","29.730","29.805","29.650","0.10%"
"Mar 05, 2013","29.775","29.780","29.830","29.740","-0.18%"
"Mar 04, 2013","29.830","29.730","29.840","29.730","0.05%"
"Mar 01, 2013","29.815","29.740","29.815","29.670","0.10%"
"Feb 28, 2013","29.785","29.790","29.850","29.690","-0.30%"
"Feb 27, 2013","29.875","29.790","29.875","29.770","0.18%"
"Feb 26, 2013","29.820","29.820","29.900","29.800","0.00%"
"Feb 25, 2013","29.820","29.820","29.860","29.780","-0.03%"
"Feb 22, 2013","29.830","29.790","29.870","29.780","0.02%"
"Feb 21, 2013","29.825","29.790","29.920","29.790","-0.08%"
"Feb 20, 2013","29.850","29.860","29.870","29.770","-0.08%"
"Feb 19, 2013","29.875","29.880","29.920","29.830","-0.08%"
"Feb 18, 2013","29.900","29.850","29.930","29.800","0.08%"
"Feb 15, 2013","29.875","29.820","29.890","29.790","0.23%"
"Feb 14, 2013","29.805","29.780","29.850","29.740","0.02%"
"Feb 13, 2013","29.800","29.790","29.850","29.750","-0.08%"
"Feb 12, 2013","29.825","29.770","29.930","29.770","-0.10%"
"Feb 11, 2013","29.855","29.760","29.870","29.730","0.20%"
"Feb 08, 2013","29.795","29.750","29.850","29.720","-0.02%"
"Feb 07, 2013","29.800","29.760","29.840","29.710","0.03%"
"Feb 06, 2013","29.790","29.730","29.820","29.680","0.12%"
"Feb 05, 2013","29.755","29.750","29.780","29.690","-0.02%"
"Feb 04, 2013","29.760","29.760","29.840","29.650","-0.15%"
"Feb 01, 2013","29.805","29.810","29.940","29.730","-0.05%"
"Jan 31, 2013","29.820","29.760","29.850","29.680","0.32%"
"Jan 30, 2013","29.725","29.840","29.860","29.680","-0.50%"
"Jan 29, 2013","29.875","29.880","29.940","29.750","-0.27%"
"Jan 28, 2013","29.955","29.920","29.990","29.870","-0.03%"
"Jan 25, 2013","29.965","29.790","29.965","29.790","0.47%"
"Jan 24, 2013","29.825","29.730","29.850","29.710","0.25%"
"Jan 23, 2013","29.750","29.700","29.830","29.680","0.17%"
"Jan 22, 2013","29.700","29.720","29.840","29.660","-0.10%"
"Jan 21, 2013","29.730","29.690","29.760","29.620","0.02%"
"Jan 18, 2013","29.725","29.770","29.840","29.700","-0.25%"
"Jan 17, 2013","29.800","29.830","29.880","29.690","-0.08%"
"Jan 16, 2013","29.825","30.030","30.030","29.760","-0.40%"
"Jan 15, 2013","29.945","30.200","30.220","29.930","-1.01%"
"Jan 14, 2013","30.250","30.240","30.340","30.200","-0.10%"
"Jan 11, 2013","30.280","30.290","30.340","30.190","0.05%"
"Jan 10, 2013","30.265","30.370","30.450","30.230","-0.36%"
"Jan 09, 2013","30.375","30.430","30.470","30.330","-0.13%"
"Jan 08, 2013","30.415","30.440","30.480","30.380","-0.15%"
"Jan 07, 2013","30.460","30.440","30.490","30.380","-0.05%"
"Jan 04, 2013","30.475","30.340","30.520","30.340","0.38%"
"Jan 03, 2013","30.360","30.360","30.420","30.270","-0.03%"
"Jan 02, 2013","30.370","30.540","30.550","30.290","-0.75%"
"Jan 01, 2013","30.600","30.590","30.600","30.580","0.00%"
"Dec 31, 2012","30.600","30.560","30.600","30.550","-0.03%"
"Dec 28, 2012","30.610","30.590","30.670","30.550","-0.16%"
"Dec 27, 2012","30.660","30.640","30.690","30.610","0.02%"
"Dec 26, 2012","30.655","30.600","30.680","30.580","0.13%"
"Dec 25, 2012","30.615","30.600","30.670","30.600","-0.02%"
"Dec 24, 2012","30.620","30.590","30.670","30.570","0.05%"
"Dec 21, 2012","30.605","30.600","30.670","30.560","-0.11%"
"Dec 20, 2012","30.640","30.570","30.680","30.560","0.13%"
"Dec 19, 2012","30.600","30.560","30.640","30.540","0.02%"
"Dec 18, 2012","30.595","30.580","30.630","30.500","-0.07%"
"Dec 17, 2012","30.615","30.590","30.640","30.540","0.02%"
"Dec 14, 2012","30.610","30.620","30.690","30.570","-0.08%"
"Dec 13, 2012","30.635","30.600","30.660","30.580","0.03%"
"Dec 12, 2012","30.625","30.620","30.670","30.560","0.00%"
"Dec 11, 2012","30.625","30.640","30.670","30.580","-0.03%"
"Dec 10, 2012","30.635","30.620","30.650","30.610","0.00%"
"Dec 07, 2012","30.635","30.650","30.690","30.610","-0.10%"
"Dec 06, 2012","30.665","30.660","30.720","30.620","-0.03%"
"Dec 05, 2012","30.675","30.630","30.690","30.630","0.00%"
"Dec 04, 2012","30.675","30.630","30.700","30.570","0.08%"
"Dec 03, 2012","30.650","30.670","30.690","30.600","-0.21%"
"Nov 30, 2012","30.715","30.700","30.740","30.600","0.05%"
"Nov 29, 2012","30.700","30.690","30.760","30.640","-0.08%"
"Nov 28, 2012","30.725","30.660","30.750","30.650","0.15%"
"Nov 27, 2012","30.680","30.650","30.720","30.620","0.02%"
"Nov 26, 2012","30.675","30.640","30.720","30.620","0.00%"
"Nov 23, 2012","30.675","30.670","30.770","30.650","-0.11%"
"Nov 22, 2012","30.710","30.690","30.780","30.650","0.00%"
"Nov 21, 2012","30.710","30.690","30.750","30.640","0.15%"
"Nov 20, 2012","30.665","30.640","30.750","30.620","-0.03%"
"Nov 19, 2012","30.675","30.730","30.770","30.640","-0.20%"
"Nov 16, 2012","30.735","30.680","30.790","30.680","0.02%"
"Nov 15, 2012","30.730","30.670","30.770","30.600","0.10%"
"Nov 14, 2012","30.700","30.680","30.710","30.600","0.07%"
"Nov 13, 2012","30.680","30.620","30.720","30.610","0.13%"
"Nov 12, 2012","30.640","30.600","30.680","30.570","0.02%"
"Nov 09, 2012","30.635","30.640","30.710","30.590","-0.28%"
"Nov 08, 2012","30.720","30.700","30.740","30.640","0.02%"
"Nov 07, 2012","30.715","30.710","30.780","30.620","-0.21%"
"Nov 06, 2012","30.780","30.770","30.830","30.720","-0.10%"
"Nov 05, 2012","30.810","30.730","30.820","30.710","0.06%"
"Nov 02, 2012","30.790","30.690","30.790","30.650","0.20%"
"Nov 01, 2012","30.730","30.660","30.750","30.660","0.10%"
"Oct 31, 2012","30.700","30.670","30.730","30.620","-0.07%"
"Oct 30, 2012","30.720","30.730","30.780","30.650","0.00%"
"Oct 29, 2012","30.720","30.680","30.760","30.600","-0.03%"
"Oct 26, 2012","30.730","30.670","30.770","30.600","0.11%"
"Oct 25, 2012","30.695","30.710","30.740","30.600","-0.24%"
"Oct 24, 2012","30.770","30.750","30.800","30.670","0.00%"